-- phpMyAdmin SQL Dump
-- version 4.5.1
-- http://www.phpmyadmin.net
--
-- Host: 127.0.0.1
-- Generation Time: 22-Jan-2018 às 20:44
-- Versão do servidor: 10.1.13-MariaDB
-- PHP Version: 7.0.5

SET SQL_MODE = "NO_AUTO_VALUE_ON_ZERO";
SET time_zone = "+00:00";


/*!40101 SET @OLD_CHARACTER_SET_CLIENT=@@CHARACTER_SET_CLIENT */;
/*!40101 SET @OLD_CHARACTER_SET_RESULTS=@@CHARACTER_SET_RESULTS */;
/*!40101 SET @OLD_COLLATION_CONNECTION=@@COLLATION_CONNECTION */;
/*!40101 SET NAMES utf8mb4 */;

--
-- Database: `cafe_pocos`
--

-- --------------------------------------------------------

--
-- Estrutura da tabela `adicional_site`
--

CREATE TABLE `adicional_site` (
  `id_adicional_site` int(11) NOT NULL,
  `titulo_adicional_site` varchar(200) NOT NULL,
  `descricao_adicional_site` text NOT NULL,
  `imagem_adicional_site` varchar(200) NOT NULL,
  `saiba_mais_id` int(11) NOT NULL,
  `usuario_id` int(11) NOT NULL,
  `data_atualizacao_adicional_site` datetime NOT NULL DEFAULT CURRENT_TIMESTAMP ON UPDATE CURRENT_TIMESTAMP,
  `bool_ativo_adicional_site` int(1) NOT NULL DEFAULT '1'
) ENGINE=InnoDB DEFAULT CHARSET=latin1;

--
-- Extraindo dados da tabela `adicional_site`
--

INSERT INTO `adicional_site` (`id_adicional_site`, `titulo_adicional_site`, `descricao_adicional_site`, `imagem_adicional_site`, `saiba_mais_id`, `usuario_id`, `data_atualizacao_adicional_site`, `bool_ativo_adicional_site`) VALUES
(1, '"O Blend Natural"<br>"Acordar bem cedo e sentir um bom aroma de café!"', 'O café é uma das bebidas mais consumidas do mundo por ter seu sabor marcante e aroma inconfundível; E por isso nós selecionamos os melhores grãos de Poços de Caldas e região e o aroma do saboroso café mineiro para que você possa saborear o mais delicioso café.\n<br>\nPorque, para nós, café de verdade tem que ser excelente.', 'Blend_Natural_cafepocoscafe.jpg', 1, 1, '2018-01-13 09:46:25', 1),
(2, 'CaféPoços<br>A União dos Melhores Cafés!!!', 'Em parceria com o produtor, procuramos o desenvolvimento e o crescimento da cafeicultura de Poços de Caldas e região ao prestarmos serviços em diversas áreas fundamentais ao benefício dos cafés e ao promovermos concursos e eventos para a divulgação e valorização da qualidade de nossos cafés.<br>\nA CaféPoços busca reunir os melhores cafés da Região de Poços de Caldas, que por sua altitude, relevo montanhoso e características vulcânicas singulares, proporcionam uma acidez controlada balanceada com uma doçura característica, oferecendo cafés únicos e altamente apreciados no Brasil e no exterior.', 'LogotipoOrignalSemCorte.JPG', 1, 1, '2018-01-20 08:16:20', 1),
(3, 'Teste', 'teste', 'Logotipo.JPG', 1, 1, '2018-01-15 17:24:52', 0);

-- --------------------------------------------------------

--
-- Estrutura da tabela `cards`
--

CREATE TABLE `cards` (
  `id_cards` int(11) NOT NULL,
  `titulo_cards` varchar(100) NOT NULL,
  `descricao_cards` varchar(200) DEFAULT NULL,
  `imagem_cards` varchar(100) NOT NULL,
  `configurar_site_id` int(11) NOT NULL,
  `data_atualizacao_cards` datetime DEFAULT CURRENT_TIMESTAMP ON UPDATE CURRENT_TIMESTAMP,
  `bool_ativo_cards` int(1) NOT NULL DEFAULT '1'
) ENGINE=InnoDB DEFAULT CHARSET=latin1;

--
-- Extraindo dados da tabela `cards`
--

INSERT INTO `cards` (`id_cards`, `titulo_cards`, `descricao_cards`, `imagem_cards`, `configurar_site_id`, `data_atualizacao_cards`, `bool_ativo_cards`) VALUES
(1, 'Adubos e Fertilizantes', '', 'adubo.jpg', 1, '2018-01-12 13:41:29', 1),
(2, 'Defensívos Agrícolas', '', 'defensivo.png', 1, '2018-01-12 13:41:42', 1),
(3, 'Ferramentas em Geral', '', 'ferramentas.jpg', 1, '2018-01-12 13:41:57', 1);

-- --------------------------------------------------------

--
-- Estrutura da tabela `cliefornec`
--

CREATE TABLE `cliefornec` (
  `CODIGO` int(11) NOT NULL,
  `CPF_CGC` varchar(18) DEFAULT NULL,
  `RAZAOSOCIAL` varchar(255) DEFAULT NULL,
  `NOMEFANTASIA` varchar(255) DEFAULT NULL,
  `senha_site` varchar(255) DEFAULT NULL,
  `bool_ativo_cliefornec` int(1) NOT NULL DEFAULT '1'
) ENGINE=InnoDB DEFAULT CHARSET=utf8;

--
-- Extraindo dados da tabela `cliefornec`
--

INSERT INTO `cliefornec` (`CODIGO`, `CPF_CGC`, `RAZAOSOCIAL`, `NOMEFANTASIA`, `senha_site`, `bool_ativo_cliefornec`) VALUES
(1, '11475013604', 'ACACIO ZANETTI', 'ACACIO ZANETTI', '123', 1),
(149, '66475252000185', 'EZIO PENNA E SILVA', 'EZIO PENNA E SILVA', '123', 1),
(251, '92954952687', 'ACACIO ZANETTI JUNIOR', 'ACACIO ZANETTI JUNIOR', '123', 1),
(454, '02155856000161', 'AFONSO REALE NETO - ME', 'AFONSO REALE NETO - ME', '123', 1),
(456, '82105944604000', 'LUCIANO GARCIA                          ', 'LUCIANO GARCIA                          ', '123', 1),
(457, '02571905000147', 'ELETROLEX LTDA - EPP', 'ELETROLEX LTDA - EPP', '123', 1),
(459, '21164306000153', 'HOTEL POCOS DE CALDAS LTDA', 'HOTEL POCOS DE CALDAS LTDA', '123', 1),
(476, '75488213600000', 'SIRLEY LOURENCO FERREIRA                ', 'SIRLEY LOURENCO FERREIRA                ', '123', 1),
(479, '71345441000254', 'CAREMLL PRODUTOS FARMACEUTICOS LTDA-EPP', 'CAREMLL PRODUTOS FARMACEUTICOS LTDA-EPP', '123', 1),
(482, '35243627615000', 'JOSE EXPEDITO FRANCO                    ', 'JOSE EXPEDITO FRANCO                    ', '123', 1),
(503, '30977606600000', 'JOAO BENTO DA SILVA                     ', 'JOAO BENTO DA SILVA                     ', '123', 1),
(504, '18426336604', 'JOSE MARCOS ORTEGA DE ARO', 'JOSE MARCOS ORTEGA DE ARO', '123', 1),
(505, '42945428000157', 'MARTINS E DAMAS LTDA                    ', 'MARTINS E DAMAS LTDA                    ', '123', 1),
(569, '23324874000108', 'REGINALDO COELHO ALVES                  ', 'REGINALDO COELHO ALVES                  ', '123', 1),
(571, '64197221000184', 'LAVA BEM URCA', 'LAVA BEM URCA', '123', 1),
(573, '03474527606000', 'CARLOS ALBERTO PESSOA                   ', 'CARLOS ALBERTO PESSOA                   ', '123', 1),
(608, '02210187000183', 'SANDRA MARIA BOSCO RENGANESCHI          ', 'SANDRA MARIA BOSCO RENGANESCHI          ', '123', 1),
(668, '00278098622', 'NEIL DOS ANJOS DE SOUSA E OU', 'NEIL DOS ANJOS DE SOUSA E OU', '123', 1),
(694, '00028931696', 'MARCIO JOSE DA SILVA', 'MARCIO JOSE DA SILVA', '123', 1),
(697, '01995102672', 'MOZART XAVIER LOPES - ESPOLIO', 'MOZART XAVIER LOPES - ESPOLIO', '123', 1),
(701, '94873348668', 'NARCISO CANDIDO DA SILVA', 'NARCISO CANDIDO DA SILVA', '123', 1),
(704, '97318647687', 'NATANAEL FELICIANO', 'NATANAEL FELICIANO', '123', 1),
(908, '08897689604', 'NAIR MARTINS DE MELLO E OUTROS', 'NAIR MARTINS DE MELLO E OUTROS', '123', 1),
(953, '32462913904', 'NARCIZO RODRIGUES', 'NARCIZO RODRIGUES', '123', 1),
(1037, '17524653000253', 'ALBUQUERQUE COM E SERVICOS LTD', 'ALBUQUERQUE COM E SERVICOS LTD', '123', 1),
(1385, '45209332691', 'ERNANDES FRANCO DOS REIS E OUTRO', 'ERNANDES FRANCO DOS REIS E OUTRO', '123', 1),
(1513, '45760330691', 'DORCELINO XAVIER DA SILVA', 'DORCELINO XAVIER DA SILVA', '123', 1),
(1666, '10802728871', 'DIONIZIO BATISTA RAMOS', 'DIONIZIO BATISTA RAMOS', '123', 1),
(1711, '31404987649', 'PAULO ROBERTO MUNIZ', 'PAULO ROBERTO MUNIZ', '123', 1),
(1774, '37360060800', 'JOSE ALVES FERRAZ', 'JOSE ALVES FERRAZ', '123', 1),
(1875, '99709783653', 'PEDRO DE OLIVEIRA PAIVA E OUTRA', 'PEDRO DE OLIVEIRA PAIVA E OUTRA', '123', 1),
(1917, '82104174600', 'JENUEL FERREIRA SORIANO', 'JENUEL FERREIRA SORIANO', '123', 1),
(1919, '77210476687', 'EDVALDO GONCALVES', 'EDVALDO GONCALVES', '123', 1),
(2981, '86828076000125', 'WIDE TECH CONS.SIST. S/C LTDA.          ', 'WIDE TECH CONS.SIST. S/C LTDA.          ', '123', 1),
(4737, '25863721000156', 'OXICOPER LTDA', 'OXICOPER LTDA', '123', 1),
(4794, '67856369000171', 'QUIMIVAN COMERCIAL LTDA                 ', 'QUIMIVAN COMERCIAL LTDA                 ', '123', 1),
(4801, '65770059000104', 'QUINABRA-QUIM.NAT.BRAS.LTDA', 'QUINABRA-QUIM.NAT.BRAS.LTDA', '123', 1),
(4847, '65559155000108', 'SANYO ARMAZENS GERAIS LTDA              ', 'SANYO ARMAZENS GERAIS LTDA              ', '123', 1),
(4874, '60844800007638', 'SANDOZ S.A.                             ', 'SANDOZ S.A.                             ', '123', 1),
(4889, '61457743000180', 'SALVI CASAGRANDE MED.AUTOMATIZ', 'SALVI CASAGRANDE MED.AUTOMATIZ', '123', 1),
(4896, '50148444000147', 'SANEBRAS SOC.BRAS.SANEANTES LT          ', 'SANEBRAS SOC.BRAS.SANEANTES LT          ', '123', 1),
(4990, '64212731000183', 'ZEBU ECOLOGICA S/A                      ', 'ZEBU ECOLOGICA S/A                      ', '123', 1),
(10031, '22007215000177', 'TOKFECH LTDA.', 'TOKFECH LTDA.', '123', 1),
(10039, '41950643000183', 'POÇOS TURBO DIESEL LTDA.', 'POÇOS TURBO DIESEL LTDA.', '123', 1),
(10042, '17280125891', 'ANTONIO JORGE RODRIGUES', 'ANTONIO JORGE RODRIGUES', '123', 1),
(10071, '82221847849', 'PAULO AFONSO DA FONSECA', 'PAULO AFONSO DA FONSECA', '123', 1),
(10105, '82272590810', 'CORNELIO JOSE DA SILVA', 'CORNELIO JOSE DA SILVA', '123', 1),
(10120, '31416284672', 'JOAO CANDIDO MONTEIRO', 'JOAO CANDIDO MONTEIRO', '123', 1),
(10121, '84576375687', 'ALEXANDRE VILAS BOAS', 'ALEXANDRE VILAS BOAS', '123', 1),
(10124, '02619393604', 'ANDRELINO ANTONIO SIQUEIRA', 'ANDRELINO ANTONIO SIQUEIRA', '123', 1),
(10126, '10638734000154', 'RODRIGUES SILVA DE OLIVEIRA ME', 'FUNILARIA E PINTURA PASTEIS', '123', 1),
(10143, '03805426000100', 'MB AUDITORES INDEPENDENTES S/S LTDA.', 'MB AUDITORES INDEPENDENTES S/S LTDA.', '123', 1),
(10167, '06143726000240', 'UTI CAP SERV COM PROD. ALIM. LTDA.', 'UTI CAP SERV COM PROD. ALIM. LTDA.', '123', 1),
(10173, '20775128003826', 'PAROQUIA NOSSA SENHORA APARECIDA', 'PAROQUIA NOSSA SENHORA APARECIDA', '123', 1),
(10174, '57032427000350', 'PEDRO MARCIO DA FONSECA & CIA LTDA.', 'SUPERMERCADO FONSECA LTDA.', '123', 1),
(10175, '02689733000100', 'PAO PAO E CONVENIENCIAS LTDA', 'PAO PAO E CONVENIENCIAS LTDA', '123', 1),
(10177, '33333333333', 'CARLOS THEODORO MARAN', 'CARLOS THEODORO MARAN', '123', 1),
(10179, '33333333333', 'CARLOS MARAN', 'CARLOS MARAN', '123', 1),
(10184, '97316806672', 'SILVESTRE AZEVEDO FERRAZ', 'SILVESTRE AZEVEDO FERRAZ', '123', 1),
(10186, '13729003000102', 'VENANCIO & CIA. LTDA.', 'SUPERLIMP UTENSILIOS COMESTICOS.', '123', 1),
(10187, '07845341000107', 'PIZZA & PIZZA LTDA.', 'PIZZA & PIZZA LTDA.', '123', 1),
(10188, '03685056000115', 'MIGUEL ARCANJO MAXIMO-ME', 'MIGUEL ARCANJO MAXIMO-ME', '123', 1),
(10189, '57121893649', 'BENEDITA BRAGA', 'BENEDITA BRAGA', '123', 1),
(10192, '11848949000162', 'MARCELO CANDIDO EDUARDO & CIA. LTDA.-ME', 'TRANSLOC TRANSPORTES E LOCAÇÕES', '123', 1),
(10201, '02157667849', 'JAIR SÓRIO', 'JAIR SÓRIO', '123', 1),
(10203, '09740222684', 'JULIANO APARECIDO DE OLIVEIRA CAMPOS', 'JULIANO APARECIDO DE OLIVEIRA CAMPOS', '123', 1),
(10208, '07918953000263', 'SYRIO COM.IMP.EXP.LTDA', 'SYRIO COM.IMP.EXP.LTDA', '123', 1),
(10233, '39346861033337', 'CENCOSUD BRASIL COMERCIAL LTDA.', 'CENCOSUD BRASIL COMERCIAL LTDA.', '123', 1),
(10238, '12631393000110', 'CORPLAST COMERCIO DE ARTEFATOS DE BORRACHAS LTDA', 'CORPLAST COMERCIO DE ARTEFATOS DE BORRACHAS LTDA', '123', 1),
(10245, '13708711000167', 'POSTO ALTO DA SERRA DE DIVINOLANDIA LTDA ME', 'POSTO ALTO DA SERRA DE DIVINOLANDIA LTDA ME', '123', 1),
(10246, '18386393000189', 'CARTORIO OF.REG.IMOVEIS COMARCA S.J.RIO PARDO-SP', 'CARTORIO OF.REG.IMOVEIS COMARCA S.J.RIO PARDO-SP', '123', 1),
(10247, '17856881000140', 'MINAS LAR LTDA', 'MINAS LAR LTDA', '123', 1),
(10253, '14482013000159', 'STRADA VEICULOS', 'STRADA VEICULOS', '123', 1),
(10254, '18770087000141', 'FABIANO CUSTODIO FERREIRA ME', 'FABIANO CUSTODIO FERREIRA ME', '123', 1),
(10257, '33041260135841', 'VIA VAREJO S/A', 'CASAS BAHIA', '123', 1),
(10258, '33333333333', 'FRANCISCO BARZAGLI', 'FRANCISCO BARZAGLI', '123', 1),
(10265, '08908516620', 'FELICIANO LIBANO SILVEIRA Fo.', 'FELICIANO LIBANO SILVEIRA Fo.', '123', 1),
(10269, '01627368000147', 'ROBSON GIRALDO', 'TEMPERO MINEIRO', '123', 1),
(10279, '03078695808', 'HENRIQUE LUIZ REIJERS E OUTRO', 'HENRIQUE LUIZ REIJERS E OUTRO', '123', 1),
(10307, '02619563615', 'JOSE MAURO FRANCO', 'JOSE MAURO FRANCO', '123', 1),
(10309, '45236791008761', 'COOPERCITRUS COOP. DE PRODUTORES RURAIS', 'COOPERCITRUS COOP. DE PRODUTORES RURAIS', '123', 1),
(10314, '87689402000557', 'TRANSPORTES LUFT LTDA', 'TRANSPORTES LUFT LTDA', '123', 1),
(10335, '22023162000188', 'CONSTRUTORA LBL LTDA.', 'CONSTRUTORA LBL LTDA.', '123', 1),
(10336, '60394723003089', 'DIXIE TOGA LTDA.', 'DIXIE TOGA LTDA.', '123', 1),
(10341, '22851247000154', 'ATACADO VERIN LTDA ME', 'ATACADO VERIN LTDA ME', '123', 1),
(10342, '71388862000181', 'Minas Lubrificantes Ltda.', '', '123', 1),
(10344, '01456452665', 'HENRIQUE PALMA NETO', 'HENRIQUE PALMA NETO', '123', 1),
(10347, '07865151000151', 'R. F. MILANESI EPP', 'SUPERAGRI', '123', 1),
(10353, '88037668000154', 'TRAMONTINA MULTI S/A', '', '123', 1),
(10354, '12933715000429', 'CMR LABORATORIOS VETERINARIOS LTDA.', 'CMR LABORATORIOS VETERINARIOS LTDA.', '123', 1),
(10358, '00634083000251', 'VETQUIMICA COMERCIAL AGRICOLA LTDA', 'CURVELO - MG VETQUIMICA', '123', 1),
(10359, '19681514000188', 'DURIN IMPORTS - IMPORTACAO E COMERC PRODUTOS PLAST', 'DURIN IMPORTS', '123', 1),
(10373, '00401938000113', 'REFRACON IND. DE REFRATARIOS LTDA EPP', 'REFRACON', '123', 1),
(10374, '16499809000140', 'METALURGICA BRAS SOL EIRELI', 'BRAS SOL', '123', 1),
(10383, '10379339000102', 'CREUZAMIR APARECIDA FANTI ME', 'FANTI FIOS E CABOS - VARAL FANTI', '123', 1),
(10385, '04376510000119', 'FABIO MESSIAS BORGES', 'FAMAQUINAS FERRAMENTAS', '123', 1),
(10394, '24109835000142', 'SANDRINI  & COSTA RESTAURANTE LTDA.', 'SANDRINI  & COSTA RESTAURANTE LTDA.', '123', 1),
(10402, '27388552000175', 'FERRAMENTAS AGRICOLAS L.P. LTDA', 'FERRAMENTAS L.P.', '123', 1),
(10425, '05452786000100', 'JUSTIÇA FEDERAL DE PRIMEIRO GRAU', 'JUSTIÇA FEDERAL DE PRIMEIRO GRAU', '123', 1),
(10432, '03817469000106', 'TOYAMA DO BRASIL MAQUINAS LTDA', 'Toyama Br', '123', 1),
(10434, '05454606000110', 'EVERALDO JUNIOR ELLER EIRELI', 'Tecnutri', '123', 1),
(10468, '23392253000153', 'IVAN FERRADOZA ME', 'MONTE SANTO DISTRIBUIDORA AGROPECAS', '123', 1),
(10470, '95591723005188', 'TNT MERCURIO CARGAS E ENCOMENDAS', 'TNT MERCURIO CARGAS E ENCOMENDAS', '123', 1),
(10471, '', 'MARCIO JUNQUEIRA DE SOUZA E SILVA', '', '123', 1),
(10508, '34667490691', 'BENEDITO MARTINS VIEIRA', 'BENEDITO MARTINS VIEIRA', '123', 1),
(10702, '17269806691', 'ONOFRE DE SIQUEIRA', 'ONOFRE DE SIQUEIRA', '123', 1),
(10794, '31439870659', 'RICARDO BRAGA', 'RICARDO BRAGA', '123', 1),
(10814, '46797491649', 'SAULO FRANCISCO DE PAULA', 'SAULO FRANCISCO DE PAULA', '123', 1),
(10852, '97860620600', 'MARIA ALVES E FILHOS', 'MARIA ALVES E FILHOS', '123', 1),
(16576, '96452255000164', 'R.C.M. AGRICOLA LTDA.                   ', 'R.C.M. AGRICOLA LTDA.                   ', '123', 1),
(16577, '64114952000119', 'R.F. RODRIGUES FRANCA                   ', 'R.F. RODRIGUES FRANCA                   ', '123', 1),
(16578, '25390782000143', 'RAMOS & LUCAS COM.E REPRES.LTD', 'RAMOS & LUCAS COM.E REPRES.LTD', '123', 1),
(16579, '55958318000171', 'RAPIDO D OESTE S.A', 'RAPIDO D OESTE S.A', '123', 1),
(16580, '20851705000120', 'RAPIDO SUL DE MINAS LTDA                ', 'RAPIDO SUL DE MINAS LTDA                ', '123', 1),
(16581, '19312115000301', 'RAPIDO TRANSPORTE CALDAS LTDA           ', 'RAPIDO TRANSPORTE CALDAS LTDA           ', '123', 1),
(16587, '26339234000151', 'REFRIGERACAO BASSO LTDA', 'REFRIGERACAO BASSO LTDA', '123', 1),
(16593, '45990181000189', 'ROBERT BOSCH LIMITADA', 'ROBERT BOSCH LIMITADA', '123', 1),
(16607, '00727996000131', 'SAL RURAL IND.COM.LTDA.                 ', 'SAL RURAL IND.COM.LTDA.                 ', '123', 1),
(16608, '60844800001869', 'SANDOZ S/A                              ', 'SANDOZ S/A                              ', '123', 1),
(16609, '00003249000150', 'SANI QUIMICA LTDA                       ', 'SANI QUIMICA LTDA                       ', '123', 1),
(16611, '61079117022257', 'SAO PAULO ALPARGATAS S/A                ', 'SAO PAULO ALPARGATAS S/A                ', '123', 1),
(16630, '60872306000160', 'SHERWIN-WILLIANS DO BRAS.I.C.L          ', 'SHERWIN-WILLIANS DO BRAS.I.C.L          ', '123', 1),
(16735, '21785860000158', 'WILSON DA SILVEIRA(SERVE-JATO)          ', 'WILSON DA SILVEIRA(SERVE-JATO)          ', '123', 1),
(16736, '49697261000100', 'WILSON ROBERTO ZANETTI                  ', 'WILSON ROBERTO ZANETTI                  ', '123', 1),
(16737, '29213386006809', 'XEROX DO BRASIL S/A.                    ', 'XEROX DO BRASIL S/A.                    ', '123', 1),
(16738, '04831230000153', 'IRMAOS YAMAGUTI LTDA. - EPP', 'IRMAOS YAMAGUTI LTDA. - EPP', '123', 1),
(30059, '33333333333', 'BELARMINO ZANETTI', 'BELARMINO ZANETTI', '123', 1),
(30078, '26394596604', 'ANTONIO FELICIANO', 'ANTONIO FELICIANO', '123', 1),
(30090, '23640238000187', 'CARNEIRO E CIA LTDA', 'CARNEIRO E CIA LTDA', '123', 1),
(30856, '75296977653', 'SEBASTIAO APARECIDO DE SOUZA', 'SEBASTIAO APARECIDO DE SOUZA', '123', 1),
(30988, '21462852653', 'SEBASTIAO PICOLLI FILHO', 'SEBASTIAO PICOLLI FILHO', '123', 1),
(50018, '06253192655', 'EZEQUIEL BONFIM SILVA', 'EZEQUIEL BONFIM SILVA', '123', 1),
(50021, '17213789000161', 'CARLOS EDUARDO CARDOSO', 'CARLOS EDUARDO CARDOSO', '123', 1),
(50023, '55800165653', 'ADAO DOMINGOS DA SILVA', 'ADAO DOMINGOS DA SILVA', '123', 1),
(50024, '07621037000186', 'CACAU SHOW', 'CACAU SHOW', '123', 1),
(50029, '01607044000147', 'UNIBANCO S/A', 'UNIBANCO S/A', '123', 1),
(50030, '11600753000154', 'NLB INDUSTRIA DE MAQUINAS E EQUIPAMENTO LTDA EPP', 'NLB INDUSTRIA DE MAQUINAS E EQUIPAMENTO LTDA EPP', '123', 1),
(50400, '00468429000108', 'VITAGRO IND.COM.REPRESENTACOES LTDA.    ', 'VITAGRO IND.COM.REPRESENTACOES LTDA.    ', '123', 1),
(50402, '61322296634000', 'ROGERIO HENRIQUE FRANCO                 ', 'ROGERIO HENRIQUE FRANCO                 ', '123', 1),
(50403, '23887265653000', 'GERALDO DONIZETI FRANCO                 ', 'GERALDO DONIZETI FRANCO                 ', '123', 1),
(50405, '03413737000124', 'SERRALHERIA CORREA & FRANCO LTDA', 'SERRALHERIA CORREA & FRANCO LTDA', '123', 1),
(50406, '00958123000130', 'LUPERCIO JOSE CHAVES DIAS               ', 'LUPERCIO JOSE CHAVES DIAS               ', '123', 1),
(50407, '00414115000122', 'POUSO ACO COMERCIO DE FERRAGENS LTDA    ', 'POUSO ACO COMERCIO DE FERRAGENS LTDA    ', '123', 1),
(50408, '57211997000146', 'MARCON INDUSTRIA METALURGICA LTDA', 'MARCON INDUSTRIA METALURGICA LTDA', '123', 1),
(50409, '56783681013306', 'SEMENTES AGROCERES S/A-IPUA             ', 'SEMENTES AGROCERES S/A-IPUA             ', '123', 1),
(50424, '03158641000167', 'O JORNALISTA LTDA                       ', 'O JORNALISTA LTDA                       ', '123', 1),
(50425, '61082822015428', 'BUNGE FERTILIZANTES S/A  CUBATAO', 'BUNGE FERTILIZANTES S/A', '123', 1),
(50426, '10390117803000', 'DANIEL TOMAZ                            ', 'DANIEL TOMAZ                            ', '123', 1),
(50427, '26379511000150', 'ITAPORANGA COMERCIO E EXPORTACAO LTDA', 'ITAPORANGA COMERCIO E EXPORTACAO LTDA', '123', 1),
(50428, '56374895000260', 'MINERACAO DE CALCARIO VITTI LTDA        ', 'MINERACAO DE CALCARIO VITTI LTDA        ', '123', 1),
(50429, '65239691000126', 'NORA NEY NUNES                          ', 'NORA NEY NUNES                          ', '123', 1),
(50430, '64857093634000', 'LUIZ CARLOS GOMES                       ', 'LUIZ CARLOS GOMES                       ', '123', 1),
(50431, '12200417691000', 'LAZARO DIVINO ALEXANDRE                 ', 'LAZARO DIVINO ALEXANDRE                 ', '123', 1),
(50442, '23655301000159', 'ARTEC INDUSTRIA E COMERCIO LTDA. - EPP', 'ARTEC INDUSTRIA E COMERCIO LTDA. - EPP', '123', 1),
(50443, '02639570000151', 'SOLPACK LTDA', 'SOLPACK LTDA', '123', 1),
(50444, '10678456000169', 'CALF - CALCADOS E EPI S S/A             ', 'CALF - CALCADOS E EPI S S/A             ', '123', 1),
(50445, '56783681012504', 'SEMENTES AGROCERES S/A                  ', 'SEMENTES AGROCERES S/A                  ', '123', 1),
(50446, '52226073000108', 'BRASIF S/A EXPORTACAO E IMPORTACAO', 'BRASIF S/A EXPORTACAO E IMPORTACAO', '123', 1),
(50447, '01468659000130', 'POSTO EMANUEL LTDA                      ', 'POSTO EMANUEL LTDA                      ', '123', 1),
(50448, '71345441002540', 'CARMELL PRODUTOS FARMACEUTICOS LTDA     ', 'CARMELL PRODUTOS FARMACEUTICOS LTDA     ', '123', 1),
(50449, '777.583.746-20', 'ALAELSON FERREIRA RODRIGUES', 'ALAELSON FERREIRA RODRIGUES', '123', 1),
(50450, '85312762687000', 'JOSE JOSMAR                             ', 'JOSE JOSMAR                             ', '123', 1),
(50451, '54832555000129', 'TELMAC-COM.IMPORTACAO E EXPORTACAO LTDA', 'TELMAC-COM.IMPORTACAO E EXPORTACAO LTDA', '123', 1),
(50453, '33982139600000', 'SEBASTIAO DO CARMO FRANCO               ', 'SEBASTIAO DO CARMO FRANCO               ', '123', 1),
(50454, '78097878615000', 'SANDRO JOSE DE OLIVEIRA                 ', 'SANDRO JOSE DE OLIVEIRA                 ', '123', 1),
(50460, '02423920000148', 'BIO SOJA FERTILIZANTES LTDA', 'BIO SOJA FERTILIZANTES LTDA', '123', 1),
(50461, '53577961000553', 'BRASIL TRANSP.INTERMODAL LTDA (D.CAXIAS)', 'BRASIL TRANSP.INTERMODAL LTDA (D.CAXIAS)', '123', 1),
(50462, '07703716634000', 'JOAO AUGUSTINHO MENDES                  ', 'JOAO AUGUSTINHO MENDES                  ', '123', 1),
(50463, '31042066604000', 'JOSE CARLOS NERY                        ', 'JOSE CARLOS NERY                        ', '123', 1),
(50477, '01383526000241', 'GRIFFIN DO BRASIL LTDA                  ', 'GRIFFIN DO BRASIL LTDA                  ', '123', 1),
(50479, '70938956000114', 'MAURICIO JOSE GUIMARAES                 ', 'MAURICIO JOSE GUIMARAES                 ', '123', 1),
(50480, '60898723000181', 'BCN-BANCO DE CREDITO NACIONAL S.A.', 'BCN-BANCO DE CREDITO NACIONAL S.A.', '123', 1),
(50481, '18936539604000', 'AGEU LAZARO DE FIGUEIREDO', 'AGEU LAZARO DE FIGUEIREDO', '123', 1),
(50482, '47964424000130', 'IND.MECANICAS ROCHFER LTDA', 'IND.MECANICAS ROCHFER LTDA', '123', 1),
(50483, '03670750000169', 'WAGO PRODUTOS PECUARIOS LTDA', 'WAGO PRODUTOS PECUARIOS LTDA', '123', 1),
(50484, '02437276000167', 'IND.E COM. TWILL S/A                    ', 'IND.E COM. TWILL S/A                    ', '123', 1),
(50485, '00338421000127', 'JOSE OSVALDO DE BRITO', 'JOSE OSVALDO DE BRITO', '123', 1),
(50486, '01354636000102', 'UNIVERSO ONLINE LTDA                    ', 'UNIVERSO ONLINE LTDA                    ', '123', 1),
(50487, '51032856653000', 'PAULO AFONSO DE OLIVEIRA                ', 'PAULO AFONSO DE OLIVEIRA                ', '123', 1),
(50489, '88006514615000', 'LUIZ CARLOS DE SOUZA                    ', 'LUIZ CARLOS DE SOUZA                    ', '123', 1),
(50490, '41665845000183', 'FERREIRA & LOPES LTDA. - ME             ', 'FERREIRA & LOPES LTDA. - ME             ', '123', 1),
(50491, '04640505884000', 'VALDELINO PEREIRA DO NASCIMENTO         ', 'VALDELINO PEREIRA DO NASCIMENTO         ', '123', 1),
(50497, '10209303000172', 'I BRESSAN INSUMOS AGROPECUARIOS ME', 'I BRESSAN INSUMOS AGROPECUARIOS ME', '123', 1),
(50501, '10490830000106', 'REDE SULMINEIRA DE PROVEDORES', 'REDE SULMINEIRA DE PROVEDORES', '123', 1),
(50504, '75304766000320', 'SANMAK IND. DE MAQUINAS S/A', 'SANMAK IND. DE MAQUINAS S/A', '123', 1),
(50516, '61082822017048', 'BUNGE FERTILIZANTES S/A - CONGONHAL', 'BUNGE FERTILIZANTES S/A - CONGONHAL', '123', 1),
(50519, '23648751000114', 'GEORGES STRAVOS APOSTOLATOS - ME        ', 'GEORGES STRAVOS APOSTOLATOS - ME        ', '123', 1),
(50520, '18913459000141', 'MARETTI & CIA LTDA', 'MARETTI & CIA LTDA', '123', 1),
(50521, '01918990000104', 'MINERACAO CORUMBA LTDA', 'MINERACAO CORUMBA LTDA', '123', 1),
(50522, '19308469672000', 'OSMAR PEREIRA MARTINS                   ', 'OSMAR PEREIRA MARTINS                   ', '123', 1),
(50552, '00637023000101', 'MOVEIS REAL DEVILLE LTDA                ', 'MOVEIS REAL DEVILLE LTDA                ', '123', 1),
(50553, '22358253000174', 'FERTILAVRAS COM. E REPRESENTACOES LTDA  ', 'FERTILAVRAS COM. E REPRESENTACOES LTDA  ', '123', 1),
(50554, '50918515000143', 'DOSIO BETTIO & CIA LTDA ME              ', 'DOSIO BETTIO & CIA LTDA ME              ', '123', 1),
(50555, '05480297686000', 'FERNANDO TOBIAS DA COSTA                ', 'FERNANDO TOBIAS DA COSTA                ', '123', 1),
(50556, '20770566000533', 'COOP. REG.CAFEICULTORES GUAXUPE LTDA', 'COOP. REG.CAFEICULTORES GUAXUPE LTDA', '123', 1),
(50583, '10277146000132', 'OURENSE DO BRASIL IND ART MET PLAST LTDA.', 'OURENSE DO BRASIL IND ART MET PLAST LTDA.', '123', 1),
(50593, '47960950089785', 'MAGAZINE LUIZA S/A', 'MAGAZINE LUIZA S/A', '123', 1),
(50603, '06227077000185', 'FUNDIÇÃO LASSAL ME', 'FUNDIÇÃO LASSAL ME', '123', 1),
(50622, '19464091000144', 'JQ RACOES LTDA-ME', 'JQ RACOES LTDA-ME', '123', 1),
(50645, '55514269000188', 'LIVRARIA E PAPELARIA  TATONI LTDA.', 'LIVRARIA E PAPELARIA  TATONI LTDA.', '123', 1),
(50673, '03544598000178', 'CARDOSO DE FREITAS E CIA LTDA', 'CARDOSO DE FREITAS E CIA LTDA', '123', 1),
(50698, '17993482000120', 'JELIABE RABELO DE ALMEIDA', 'JELIABE RABELO DE ALMEIDA', '123', 1),
(50699, '03239470000109', 'PITAGORAS SISTEMA DE EDUCAÇÃO SUPERIOR SOCIEDADE LTDA.', 'PITAGORAS SISTEMA DE EDUCAÇÃO SUPERIOR SOCIEDADE LTDA.', '123', 1),
(50755, '41719444000169', 'ALL PANOS INDUSTRIA E COMERCIO LTDA', 'ALL PANOS INDUSTRIA E COMERCIO LTDA', '123', 1),
(50757, '54951520000109', 'ART GRAF ETIQUETAS LTDA EPP', 'ART GRAF ETIQUETAS LTDA EPP', '123', 1),
(50758, '21782545000258', 'ANTONIO RENATO DE CARVALHO', 'TRANSCALDAS TRANSPORTES', '123', 1),
(50759, '02783490000175', 'KELLTER COMERCIO DE SEMENTES DE CAPIM LTDA.', 'KELLTER COMERCIO DE SEMENTES DE CAPIM LTDA.', '123', 1),
(50764, '46422275000114', 'EBRAPI  AGRONEGOCIOS LTDA', 'EBRAPI  AGRONEGOCIOS LTDA', '123', 1),
(50771, '21333646000160', 'FUNDICAO ALFA LTDA', 'FUNDICAO ALFA LTDA', '123', 1),
(50772, '89844922000199', 'FELTRIN SEMENTES LTDA', 'FELTRIN SEMENTES LTDA', '123', 1),
(50774, '67783872620', 'RITA DE FATIMA FEREIRA', 'RITA DE FATIMA FEREIRA', '123', 1),
(50776, '13193159000111', 'LUCAS AUGUST PEREIRA-ME', 'LUCAS AUGUST PEREIRA-ME', '123', 1),
(50781, '07479591616', 'DIEGO EDUARDO RABELO DE ARAUJO', 'DIEGO EDUARDO RABELO DE ARAUJO', '123', 1),
(50782, '41238290663', 'MARIA OLIMPIA FERREIRA', 'MARIA OLIMPIA FERREIRA', '123', 1),
(50783, '08291015864', 'JOAO OSCAR CLAUDIANO', 'JOAO OSCAR CLAUDIANO', '123', 1),
(50790, '07046317000108', 'BOMBAS LIDER COMERCIO LTDA.', 'BOMBAS LIDER COMERCIO LTDA.', '123', 1),
(50791, '16097366000160', 'GAIOLAS QUATIGUA INDUSTRIA E COMERCIO LTDA.', 'GAIOLAS QUATIGUA INDUSTRIA E COMERCIO LTDA.', '123', 1),
(50800, '11792240600', 'MICHAEL DE CAMPOS LIMA', 'MICHAEL DE CAMPOS LIMA', '123', 1),
(50807, '87622017604', 'GEOMAR DE OLIVEIRA FRANCO', 'GEOMAR DE OLIVEIRA FRANCO', '123', 1),
(50808, '00735879000110', 'NORDTECH MAQUINAS E MOTORES LTDA.', 'NORDTECH MAQUINAS E MOTORES LTDA.', '123', 1),
(90074, '34630953868', 'ROBERTO FRISCHIMAN', 'ROBERTO FRISCHIMAN', '123', 1),
(90112, '03018385691', 'MARCELO FONSECA PEREIRA', 'MARCELO FONSECA PEREIRA', '123', 1),
(90113, '48965359600', 'EDSON BENEDITO DE MELO', 'EDSON BENEDITO DE MELO', '123', 1),
(90114, '15911004615', 'GERALDO PERGENTINO DA SILVA', 'GERALDO PERGENTINO DA SILVA', '123', 1),
(90191, '02942958000127', 'LUIZ RENATO BACARINE DE SOUZA - ME', 'LUIZ RENATO BACARINE DE SOUZA - ME', '123', 1),
(90744, '18514650653', 'HELIO CANDIDO FRANCO E OUTRA', 'HELIO CANDIDO FRANCO E OUTRA', '123', 1),
(90745, '55790461972', 'JOSE ESIPARRAPAN E OUTRA', 'JOSE ESIPARRAPAN E OUTRA', '123', 1),
(90746, '65906144900', 'GILDEAO DOS SANTOS', 'GILDEAO DOS SANTOS', '123', 1),
(90747, '21396825649', 'OCTAVIANO DA SILVA E MARIA ANGELINA DA SILVA', 'OCTAVIANO DA SILVA E MARIA ANGELINA DA SILVA', '123', 1),
(90748, '', 'ARMAZEM COOP. REGIONAL DE POCOS DE CALDAS', 'ARMAZEM COOP. REGIONAL DE POCOS DE CALDAS', '123', 1),
(90749, '44831733000143', 'PREFEITURA DA ESTANCIA HIDR. DE AGUAS DA PRATA', 'PREFEITURA DA ESTANCIA HIDR. DE AGUAS DA PRATA', '123', 1),
(90750, '20123428000139', 'SINDICATO DOS ENGENHEIROS NO ESTADO MINAS GERAIS', 'SINDICATO DOS ENGENHEIROS NO ESTADO MINAS GERAIS', '123', 1),
(90751, '82105367615', 'ERASMO JOSE SEBASTIAO E MAILZA DE F.F.SEBASTIAO', 'ERASMO JOSE SEBASTIAO E MAILZA DE F.F.SEBASTIAO', '123', 1),
(90753, '', 'ARMAZEM COOP. REGIONAL DE P DE CALDAS (CAMPESTRE)', 'ARMAZEM COOP. REGIONAL DE P DE CALDAS (CAMPESTRE)', '123', 1),
(90754, '43875327691', 'JOSE HORACIO ANUNCIACAO', 'JOSE HORACIO ANUNCIACAO', '123', 1),
(90755, '23655491000104', 'ASILO E CENTRO ESPIRITA VINHA DO SENHOR', 'ASILO E CENTRO ESPIRITA VINHA DO SENHOR', '123', 1),
(90758, '03363354000199', 'DISTRIBUIDORA DE GENEROS ALIMENTICIOS COYOTE LTDA', 'DISTRIBUIDORA DE GENEROS ALIMENTICIOS COYOTE LTDA', '123', 1),
(90759, '', 'PNEUS 1001 LTDA - (BORRACHARIA)', 'PNEUS 1001 LTDA - (BORRACHARIA)', '123', 1),
(90760, '41903436000178', 'GOOD PRODUTOS ALIMENTICIOS LTDA.', 'GOOD PRODUTOS ALIMENTICIOS LTDA.', '123', 1),
(90761, '19834332000280', 'PANIF. CONF. E LANCH. NOSSO PAO LTDA - FILIAL', 'PANIF. CONF. E LANCH. NOSSO PAO LTDA - FILIAL', '123', 1),
(90762, '17203848604', 'JOSE ABRAO DE FIGUEIREDO', 'JOSE ABRAO DE FIGUEIREDO', '123', 1),
(90763, '10833609815', 'MARIA LUCIA CARVALHO LIMA DE TOLEDO PIZA', 'MARIA LUCIA CARVALHO LIMA DE TOLEDO PIZA', '123', 1),
(90764, '56108125853', 'ODAIR ANIZEZIO DE MELO', 'ODAIR ANIZEZIO DE MELO', '123', 1),
(91097, '31321020678', 'JOSUE DOMINGUES DA SILVA', 'JOSUE DOMINGUES DA SILVA', '123', 1),
(91334, '10887865887', 'MARCILIO MESQUITA', 'MARCILIO MESQUITA', '123', 1),
(91339, '33296723900', 'JOAO DA COSTA SILVERIO', 'JOAO DA COSTA SILVERIO', '123', 1),
(91366, '04210043630', 'ELCIO LUIS MONTEVECHI', 'ELCIO LUIS MONTEVECHI', '123', 1),
(91531, '21398402672', 'ULISES ANDRADE E OUTRA', 'ULISES ANDRADE E OUTRA', '123', 1),
(91532, '40532445872', 'BENEDITO ALVES FERREIRA SILVA', 'BENEDITO ALVES FERREIRA SILVA', '123', 1),
(91533, '10082689687', 'JOSE LEMES DE CARVALHO', 'JOSE LEMES DE CARVALHO', '123', 1),
(91535, '00528137620', 'JYLBES DELLAROLI', 'JYLBES DELLAROLI', '123', 1),
(91536, '39536602687', 'PAULO SERGIO INACIO DA SILVA', 'PAULO SERGIO INACIO DA SILVA', '123', 1),
(91537, '05989601000192', 'PROTESEG EQUIPAMENTOS DE SEGURANÇA LTDA. - ME', 'PROTESEG EQUIPAMENTOS DE SEGURANÇA LTDA. - ME', '123', 1),
(91539, '29676339849', 'JOSE JUSTINO DE ALMEIDA', 'JOSE JUSTINO DE ALMEIDA', '123', 1),
(91540, '56631583000103', 'PRO VASO IND.COM. DE FERTILIZANTES ORGANICOS LTDA.', 'PRO VASO IND.COM. DE FERTILIZANTES ORGANICOS LTDA.', '123', 1),
(91541, '72592583653', 'LUCIANA UTSCH LEONELLO NOGUEIRA', 'LUCIANA UTSCH LEONELLO NOGUEIRA', '123', 1),
(91542, '02727329660', 'WILSON MOLINARI', 'WILSON MOLINARI', '123', 1),
(91548, '08403622856', 'VALDIR BARZAGLI', 'VALDIR BARZAGLI', '123', 1),
(91557, '43467334687', 'REGINALDO MARIANO', 'REGINALDO MARIANO', '123', 1),
(92264, '45450110634', 'JOSE PERES FERREIRA FILHO', 'JOSE PERES FERREIRA FILHO', '123', 1),
(92265, '09174591134', 'CARMEN LUCIA OPIPARI SANTIAGO', 'CARMEN LUCIA OPIPARI SANTIAGO', '123', 1),
(93456, '96224568634', 'RONYVALDO  DONIZETTI DA CRUZ', 'RONYVALDO  DONIZETTI DA CRUZ', '123', 1),
(93457, '41292537604', 'LUIZ  MIGUEL  FERNANDES', 'LUIZ MIGUEL FERNANDES', '123', 1),
(93458, '87829495000144', 'SIMETALL  IND E COM DE FERRAMENTAS LTDA', 'SIMETALL  IND E COM DE FERRAMENTAS LTDA', '123', 1),
(93459, '87443902620', 'MONICA   CRISTINA DOS SANTOS GONZAGA', 'MONICA   CRISTINA DOS SANTOS GONZAGA', '123', 1),
(93460, '02610574649', 'GUILHERME DE ARAUJO  ALVES', 'GUILHERME DE ARAUJO  ALVES', '123', 1),
(93461, '28698754600', 'JOSE CARLOS RODRIGUES', 'JOSE CARLOS RODRIGUES', '123', 1),
(93462, '11330873000189', 'ANNA CECILIA FELISBERTO MUSSOLIN-ME', 'ANNA CECILIA FELISBERTO MUSSOLIN-ME', '123', 1),
(93463, '15893995600', 'ANTONIO VITOR AGUIAR', 'ANTONIO VITOR AGUIAR', '123', 1),
(93464, '70388555653', 'ERLON DE SOUZA REIS', 'ERLON DE SOUZA REIS', '123', 1),
(93465, '06142621000196', 'DOCES COLMEIA LTDA', 'DOCES COLMEIA LTDA', '123', 1),
(93466, '15021987895', 'JEADIEL   DE OLIVEIRA   SANTOS', 'JEADIEL   DE OLIVEIRA   SANTOS', '123', 1),
(93467, '10077235649', 'MARIA  HELENA   MATAVELLI', 'MARIA  HELENA   MATAVELLI', '123', 1),
(93468, '00712935665', 'NILSON  DUARTE  ROCHA', 'NILSON  DUARTE  ROCHA', '123', 1),
(93469, '01699195870', 'JOSE CARLOS PEREIRA', 'JOSE CARLOS PEREIRA', '123', 1),
(93470, '31002159822', 'RENATO  SCHEFER', 'RENATO  SCHEFER', '123', 1),
(93471, '07409582677', 'RENATO  JOSE FRANCO', 'RENATO JOSE FRANCO', '123', 1),
(93472, '20524237000189', 'PERFIL  ENGENHARIA S.A', 'PERFIL  ENGENHARIA S.A', '123', 1),
(93473, '39770079634', 'SEBASTIÃO RIBEIRO GUIMARÃES', 'SEBASTIÃO RIBEIRO GUIMARÃES', '123', 1),
(93755, '06283219000121', 'GRAO DE OURO COM INSUMOS AGRÍCOLAS LTDA', 'GRAO DE OURO COM INSUM OS AGRÍCOLAS LTDA', '123', 1),
(93756, '39538303687', 'FABIO ALVES FERNANDES', 'FABIO ALVES FERNANDES', '123', 1),
(93757, '19278829668', 'ISAIAS FERRAZ DE FIGUEIREDO', 'ISAIAS FERRAZ DE FIGUEIREDO', '123', 1),
(93758, '01633138658', 'DAVID MANOEL DE ALMEIDA MARQUES', 'DAVID MANOEL DE ALMEIDA MARQUES', '123', 1),
(93759, '44509065868', 'JOSE TASCA', 'JOSE TASCA', '123', 1),
(93760, '28573463600', 'SALVADOR DOS SANTOS', 'SALVADOR DOS SANTOS', '123', 1),
(93761, '01175004618', 'ANDRÉ JUNIO MARTINS', 'ANDRÉ JUNIO MARTINS', '123', 1),
(93762, '51942410891', 'SEBASTIAO GALINDO GIMENES', 'AV SO JORGE', '123', 1),
(93763, '79060358600', 'JOAQUIM CUSTODIO DE CARVALHO', 'JOAQUIM CUSTODIO DE CARVALHO', '123', 1),
(93764, '00976856000105', 'VISAFERTIL I.E.COM.FERTILIZANTES ORGANICOS LTDA.', 'VISAFERTIL I.E.COM.FERTILIZANTES ORGANICOS LTDA.', '123', 1),
(93765, '67873723615', 'ANTONIO CESAR SABINO', 'ANTONIO CESAR SABINO', '123', 1),
(93766, '23714670653', 'ANTONIO CARLOS', 'ANTONIO CARLOS', '123', 1),
(93767, '04561381619', 'ALTIERES RIBEIRO LOPES', 'ALTIERES RIBEIRO LOPES', '123', 1),
(93768, '43088040006', 'ALBANO FORNARI TOME', 'ALBANO FORNARI TOME', '123', 1),
(93769, '00236028642', 'HELENA RODOLFO ERINO', 'HELENA RODOLFO ERINO', '123', 1),
(93770, '04412800000170', 'ALVORADA TRANSPORTES DE CARGAS LTDA. - ME', 'ALVORADA TRANSPORTES DE CARGAS LTDA. - ME', '123', 1),
(93771, '01103299611', 'MARCELIO DONIZETTI AGNALDO', 'MARCELIO DONIZETTI AGNALDO', '123', 1),
(93772, '17171482634', 'EULEI GOMES NEGRÃO', 'EULEI GOMES NEGRÃO', '123', 1),
(93773, '41777806000178', 'CASA DE RESGATE EMANUEL', 'CASA DE RESGATE EMANUEL', '123', 1),
(93774, '95685227604', 'MARCIO ANTONIO DE LUCIO', 'MARCIO ANTONIO DE LUCIO', '123', 1),
(93777, '07970185000106', 'CSD IND.COM.CORTE E DOBRA DE AÇO S/A.', 'CSD IND.COM.CORTE E DOBRA DE AÇO S/A.', '123', 1),
(93778, '30996490663', 'ENIO HENRIQUE PRADO', 'ENIO HENRIQUE PRADO', '123', 1),
(93779, '00530204649', 'SERGIO ITALO BLASI', 'SERGIO ITALO BLASI', '123', 1),
(93786, '64564789600', 'ROBSON LORO', 'ROBSON LORO', '123', 1),
(93787, '35317663687', 'RONALDO PONTES TEIXEIRA', 'RONALDO PONTES TEIXEIRA', '123', 1),
(93788, '31404499687', 'ADEMAR DE TOLEDO BRAZ', 'ADEMAR DE TOLEDO BRAZ', '123', 1),
(93789, '99823101604', 'ADINEI CORREA LOPES', 'ADINEI CORREA LOPES', '123', 1),
(93790, '31440568634', 'SERGIO HONORIO ALVES', 'SERGIO HONORIO ALVES', '123', 1),
(93791, '27227081672', 'SONIA CRISTINA SARTI', 'SONIA CRISTINA SARTI', '123', 1),
(93792, '04403153607', 'EDUARDO MUNIZ MEDEIROS', 'EDUARDO MUNIZ MEDEIROS', '123', 1),
(93793, '84776250691', 'FLAVIO JACINTO DO LAGO', 'FLAVIO JACINTO DO LAGO', '123', 1),
(93794, '18988394000101', 'HJR CONSTRUÇÕES LTDA', 'HJR CONSTRUÇÕES LTDA', '123', 1),
(93795, '05508693000141', 'COSTA PINTO EMPREENDIMENTOS E PARTICIPAÇÕES LTDA', 'COSTA PINTO EMPREENDIMENTOS E PARTICIPAÇÕES LTDA', '123', 1),
(93796, '07709556655', 'WILLIAM GUSTAVO PEREIRA SILVA', 'WILLIAM GUSTAVO PEREIRA SILVA', '123', 1),
(93797, '03730944000102', 'CLINICA MEMORIAL LTDA RADIOTERAPIA', 'CLINICA MEMORIAL LTDA RADIOTERAPIA', '123', 1),
(93798, '16850894000149', 'RONIVALDO DONIZETTI DA CRUZ - ME', 'RONY COFFEE', '123', 1),
(93799, '01739606698', 'HENRI MARIE ROBERT PHILIPPE', 'HENRI MARIE ROBERT PHILIPPE', '123', 1),
(93800, '62740849672', 'GIOVANE HILARIO DA SILVA', 'GIOVANE HILARIO DA SILVA', '123', 1),
(93801, '23840331668', 'JOAO NARCISO TEIXEIRA', 'JOAO NARCISO TEIXEIRA', '123', 1),
(93802, '26814917890', 'LUCIANO LUIS DA SILVA', 'LUCIANO LUIS DA SILVA', '123', 1),
(93803, '71856366715', 'ERICH BRUNO HOERTEL NEGRI', 'ERICH BRUNO HOERTEL NEGRI', '123', 1),
(93804, '03140914679', 'PAULO JUSCELINO DE ALCANTARA', 'PAULO JUSCELINO DE ALCANTARA', '123', 1),
(93805, '00011758660', 'SILAS CORDEIRO', 'SILAS CORDEIRO', '123', 1),
(93806, '03214443615', 'GERALDO ALVES MOREIRA', 'GERALDO ALVES MOREIRA', '123', 1),
(93807, '34238522672', 'LAZARO OZORIO DE OLIVEIRA', 'LAZARO OZORIO DE OLIVEIRA', '123', 1),
(93808, '05696708617', 'JOAO BATISTA SANTOS', 'JOAO BATISTA SANTOS', '123', 1),
(93809, '23885955687', 'EDSON DE OLIVEIRA', 'EDSON DE OLIVEIRA', '123', 1),
(93810, '19795092634', 'ROVIR BRAZ ZETULA', 'ROVIR BRAZ ZETULA', '123', 1),
(93811, '16158076830', 'BENEDITA ROSA DE FREITAS NOGUEIRA', 'BENEDITA ROSA DE FREITAS NOGUEIRA', '123', 1),
(93812, '30606818804', 'JOELSON GONÇALVES SA', 'JOELSON GONÇALVES SA', '123', 1),
(93813, '17293740697', 'VICTOR FELISBERTO DOS REIS', 'VICTOR FELISBERTO DOS REIS', '123', 1),
(93814, '09479369800', 'JOSE VALTER RUFINO', 'JOSE VALTER RUFINO', '123', 1),
(93815, '17540867000132', 'GSR PC ESQUADRIAS E VIDRO TEMPERADO', 'GSR PC ESQUADRIAS E VIDRO TEMPERADO', '123', 1),
(93816, '11995324876', 'MAURICIO RODRIGUES', 'MAURICIO RODRIGUES', '123', 1),
(93817, '39531176884', 'LUCAS MENDES MARTINS', 'LUCAS MENDES MARTINS', '123', 1),
(93818, '15937733827', 'NILSON EDSON FERNANDES', 'NILSON EDSON FERNANDES', '123', 1),
(93819, '01452680639', 'LUCAS MENEZES MARQUES', 'LUCAS MENEZES MARQUES', '123', 1),
(93821, '39537579620', 'JULIO CESAR FERREIRA', 'JULIO CESAR FERREIRA', '123', 1),
(93822, '53234170649', 'PAULO EDUARDO CARLINI', 'PAULO EDUARDO CARLINI', '123', 1),
(93823, '53895592668', 'JOSE ANTONIO BENELLI', 'JOSE ANTONIO BENELLI', '123', 1),
(93824, '41353994600', 'ARNALDO UNTURA', 'ARNALDO UNTURA', '123', 1),
(93825, '03683341637', 'MAURO SERGIO DONIZETTI SILVERIO', 'MAURO SERGIO DONIZETTI SILVERIO', '123', 1),
(93826, '00217759823', 'ADEMIR JOSE HENRIQUE RECK', 'ADEMIR JOSE HENRIQUE RECK', '123', 1),
(93827, '01477586610', 'EDINILSON DONIZETE TEIXEIRA', 'EDINILSON DONIZETE TEIXEIRA', '123', 1),
(93828, '12152846672', 'GERALDO MOREIRA DA SILVA', 'GERALDO MOREIRA DA SILVA', '123', 1),
(93829, '83135669653', 'CARLOS ROBERTO GASPAR', 'CARLOS ROBERTO GASPAR', '123', 1),
(93830, '61018961615', 'APARECIDO DO NASCIMENTO', 'APARECIDO DO NASCIMENTO', '123', 1),
(93831, '41883471000172', 'COND.  EDIFÍCIO IANÊ', 'COND.  EDIFÍCIO IANÊ', '123', 1),
(93832, '53421450072', 'JORGE SILVERIO NUNES DE OLIVEIRA', 'JORGE SILVERIO NUNES DE OLIVEIRA', '123', 1),
(93833, '52493148649', 'IVAN LELECO FILHO', 'IVAN LELECO FILHO', '123', 1),
(93834, '61321206615', 'PAULO CESAR RODRIGUES', 'PAULO CESAR RODRIGUES', '123', 1),
(93835, '00776528866', 'PAULO BRANDAO LUZITANO', 'PAULO BRANDAO LUZITANO', '123', 1),
(93836, '26329484600', 'JOAQUIM TADEU MAFRA', 'JOAQUIM TADEU MAFRA', '123', 1),
(93837, '41296877604', 'PAULO DOS SANTOS', 'PAULO DOS SANTOS', '123', 1),
(93838, '05971325698', 'TIAGO APARECIDO DE SOUZA', 'TIAGO APARECIDO DE SOUZA', '123', 1),
(93839, '05328961000143', 'INSETIMAX INDUSTRIA QUIMICA LTDA. - EPP', 'INSETIMAX INDUSTRIA QUIMICA LTDA. - EPP', '123', 1),
(93840, '04862332862', 'GILBERTO MONEDA DE MORAIS', 'GILBERTO MONEDA DE MORAIS', '123', 1),
(93841, '35285400600', 'ROBERTO RECHE', 'ROBERTO RECHE', '123', 1),
(93842, '11868028000161', 'FLAMA COMERCIO DE CAFE LTDA', 'FLAMA COMERCIO DE CAFE LTDA', '123', 1),
(93843, '11486626000419', 'CINLOG LOGISTICA SA', 'CINLOG LOGISTICA SA', '123', 1),
(93844, '34236759691', 'OSMAR DOS SANTOS ARAO', 'OSMAR DOS SANTOS ARAO', '123', 1),
(93845, '01472587669', 'PATRICIA MONTEIRO DOS SANTOS', 'PATRICIA MONTEIRO DOS SANTOS', '123', 1),
(93846, '04481246618', 'TATIANA ABRAO', 'TATIANA ABRAO', '123', 1),
(93847, '17288817000100', 'EDUARDO  VALIM DO VAL E OUTROS', 'EDUARDO  VALIM DO VAL E OUTROS', '123', 1),
(93848, '46707409620', 'ROSANGELO ZANETTI', '9969-5058', '123', 1),
(93849, '02612477608', 'MARIA CLEIDE DE CARVALHO MORAES', 'MARIA CLEIDE DE CARVALHO MORAES', '123', 1),
(93850, '03895133698', 'ELIAS JULIO DE OLIVEIRA', 'ELIAS JULIO DE OLIVEIRA', '123', 1),
(93851, '35364360644', 'DENIR  BATISTA TEIXEIRA', 'DENIR  BATISTA TEIXEIRA', '123', 1),
(93852, '92452728691', 'HELIO MESSIAS GARCIA E OUTROS', 'HELIO MESSIAS GARCIA E OUTROS', '123', 1),
(93853, '88327124668', 'SEBASTIAO JOSE CARDILLO FILHO', 'SEBASTIAO JOSE CARDILLO FILHO', '123', 1),
(93854, '31317952634', 'GERALDO JOSE DE CARVALHO', 'GERALDO JOSE DE CARVALHO', '123', 1),
(93855, '23784415687', 'PEDRO FERREIRA DA SILVA', 'PEDRO FERREIRA DA SILVA', '123', 1),
(93856, '19834100000141', 'CAIXA ESCOLAR PROF. ARLINDO PEREIRA', 'CAIXA ESCOLAR PROF. ARLINDO PEREIRA', '123', 1),
(93857, '11028854000100', 'ANDREIA APARECIDA DE OLIVEIRA & CIA LTDA. - ME', 'ANDREIA APARECIDA DE OLIVEIRA & CIA LTDA. - ME', '123', 1),
(93858, '11973134000105', 'SUL AMERICA ODONTOLOGICO S.A.', 'SUL AMERICA ODONTOLOGICO S.A.', '123', 1),
(93859, '35286458653', 'WALDIR ANTONIO PINTO', 'WALDIR ANTONIO PINTO', '123', 1),
(93860, '31267999810', 'LUCIO INACIO PEREIRA', 'LUCIO INACIO PEREIRA', '123', 1),
(93861, '52733084615', 'JOSE FRANSCISCO GARCIA SOUZA', 'JOSE FRANSCISCO GARCIA SOUZA', '123', 1),
(93862, '01251221602', 'LEANDRO ZANETTI', 'LEANDRO ZANETTI', '123', 1),
(93863, '07113216000102', 'JOAO CARRO DA SILVA -ME', 'JOAO CARRO DA SILVA -ME', '123', 1),
(93864, '34153381691', 'WALDYR PAULINO DA COSTA NETO', 'WALDYR PAULINO DA COSTA NETO', '123', 1),
(93865, '17172241649', 'JOSE OLIMPIO MARTINS', 'JOSE OLIMPIO MARTINS', '123', 1),
(93866, '44326483687', 'JOSE MARCOS RIBEIRO', 'JOSE MARCOS RIBEIRO', '123', 1),
(93867, '21335362649', 'PAULO BIANUCCI', 'PAULO BIANUCCI', '123', 1),
(93868, '79060587634', 'ISRAEL DIAS', 'ISRAEL DIAS', '123', 1),
(93869, '82277958891', 'OSFATI TEIXEIRA', 'OSFATI TEIXEIRA', '123', 1),
(93870, '03595546601', 'CRISTIANO PRADO', 'CRISTIANO PRADO', '123', 1),
(93871, '89362632853', 'LASARA MARIA VARGAS', 'LASARA MARIA VARGAS', '123', 1),
(93872, '39632490649', 'DIVINO BENTO', 'DIVINO BENTO', '123', 1),
(93873, '15274950000181', 'EDVALDO DO NASCIMENTO E OUTROS', 'EDVALDO DO NASCIMENTO E OUTROS', '123', 1),
(93874, '32954813857', 'VINICIUS SANTOS LUZ', 'VINICIUS SANTOS LUZ', '123', 1),
(93875, '54958741615', 'SERGIO ALVES DA SILVA', 'SERGIO ALVES DA SILVA', '123', 1),
(93876, '04511346801', 'JOAO DE MORAES', 'JOAO DE MORAES', '123', 1),
(93877, '00028534697', 'PAULO HENRIQUE DOS SANTOS RIBEIRO', 'PAULO HENRIQUE DOS SANTOS RIBEIRO', '123', 1),
(93878, '31353371620', 'SEBASTIAO BORGES DA SILVA', 'SEBASTIAO BORGES DA SILVA', '123', 1),
(93879, '88327604600', 'DENILSON MARQUES MORAES', 'DENILSON MARQUES MORAES', '123', 1),
(93880, '06188736609', 'ROGERIO ALEXANDRE TEIXEIRA', 'ROGERIO ALEXANDRE TEIXEIRA', '123', 1),
(93881, '60344237672', 'FLAVIO DONIZETTI MAIMONE', 'FLAVIO DONIZETTI MAIMONE', '123', 1),
(93882, '35288230625', 'JOSE EUCLIDES TEIXEIRA', 'JOSE EUCLIDES TEIXEIRA', '123', 1),
(93883, '34450467787', 'RAULINA MARIA ADISSI', 'RAULINA MARIA ADISSI', '123', 1),
(93884, '23838779649', 'BENEDITO LUIZ FERREIRA', 'BENEDITO LUIZ FERREIRA', '123', 1),
(93885, '15348982000184', 'RRR COMERCIO DE MATERIAIS EIRELI', 'RRR COMERCIO DE MATERIAIS EIRELI', '123', 1),
(93886, '93814968891', 'VALTER TEIXEIRA REIS', 'VALTER TEIXEIRA REIS', '123', 1),
(93887, '97313343604', 'ANTONIO CARLOS DE REZENDE', 'ANTONIO CARLOS DE REZENDE', '123', 1),
(93888, '00278171648', 'AILTON ALEXANDRE DE OLIVEIRA', 'AILTON ALEXANDRE DE OLIVEIRA', '123', 1),
(93889, '50527509604', 'BETANIA SERAFIM DE MATOS', 'BETANIA SERAFIM DE MATOS', '123', 1),
(93890, '69430381768', 'JOSE MAURICIO TEIXEIRA COUTINHO', 'JOSE MAURICIO TEIXEIRA COUTINHO', '123', 1),
(93891, '16580052600', 'CLEUBI MIGLIORANZI', 'CLEUBI MIGLIORANZI', '123', 1),
(93892, '56228356012148', 'CRBS S/A', 'CRBS S/A', '123', 1),
(93893, '15893260678', 'ARLINDO TEODORO DA CRUZ', 'ARLINDO TEODORO DA CRUZ', '123', 1),
(93894, '89023382668', 'JOAO FRANCISCO DA SILVA', 'JOAO FRANCISCO DA SILVA', '123', 1),
(93895, '34634622653', 'WALDOMIRO JOSE MUNIZ', 'WALDOMIRO JOSE MUNIZ', '123', 1),
(93896, '59895706000373', 'IRMAOS FLAMINIO & CIA LTDA', 'IRMAOS FLAMINIO & CIA LTDA', '123', 1),
(93897, '49574221687', 'VOLNEI  CHINI', 'VOLNEI  CHINI', '123', 1),
(93898, '10947249000162', 'GRAO SULDESTE COMERCIO IMP EXP DE CAFE E CER. LTDA', 'GRAO SULDESTE COMERCIO IMP EXP DE CAFE E CER. LTDA', '123', 1),
(93901, '03740854804', 'LUIZ GONZAGA CHIAVEGATO', 'LUIZ GONZAGA CHIAVEGATO', '123', 1),
(93904, '08899495653', 'JOSE ROBERTO CAPONI', 'JOSE ROBERTO CAPONI', '123', 1),
(93905, '20775128007228', 'MITRA DIOCESANA DE GUAXUPE PAR SAO PAULO APOSTOLO', 'MITRA DIOCESANA DE GUAXUPE PAR SAO PAULO APOSTOLO', '123', 1),
(93906, '22746161672', 'REGINA CELIA MARTINS LUZ', 'REGINA CELIA MARTINS LUZ', '123', 1),
(93907, '16994492000118', 'LOTEAMENTO RESIDENCIAL VEREDA SPE LTDA', 'LOTEAMENTO RESIDENCIAL VEREDA SPE LTDA', '123', 1),
(93928, '17416199000136', 'CAIXA ESCOLAR DA ESC MUNC MARIA OVIDIA JUNQUEIRA', 'CAIXA ESCOLAR DA ESC MUNC MARIA OVIDIA JUNQUEIRA', '123', 1),
(93929, '01204486611', 'CARLOS ROBERTO DOS SANTOS', 'CARLOS ROBERTO DOS SANTOS', '123', 1),
(93930, '25638354000197', 'EDIFICIO SAN MARTINS', 'EDIFICIO SANMARTINS', '123', 1),
(93931, '08730174635', 'FLAVIA ALESSANDRA FERREIRA', 'FLAVIA ALESSANDRA FERREIRA', '123', 1),
(93932, '02889946630', 'CLAUDINEI DE OLIVEIRA', 'CLAUDINEI DE OLIVEIRA', '123', 1),
(93933, '92864600668', 'SAMUEL BATISTA DE CARVALHO', 'SAMUEL BATISTA DE CARVALHO', '123', 1),
(93934, '61064076653', 'MARIA HELENA GUIMARAES', '', '123', 1),
(93935, '07724203601', 'RENAN ARTHUR BOSIO GUIMARAES', 'RENAN ARTHUR BOSIO GUIMARAES', '123', 1),
(93936, '14700153000156', 'HOLLYWOOD CAFE LTDA', 'HOLLYWOOD CAFE LTDA', '123', 1),
(93938, '01262826683', 'FABRICIO  MARTINS DOMINGUES', 'FABRICIO', '123', 1),
(93939, '75802180625', 'WILSON ANTONIO NASCIMENTO', 'WILSON ANTONIO NASCIMENTO', '123', 1),
(93940, '28943937849', 'ARIOVALDO JACINTHO', 'ARIOVALDO JACINTHO', '123', 1),
(93941, '20775128004636', 'NITRA DIOCESANA DE GUAXUPE', 'NITRA DIOCESANA DE GUAXUPE', '123', 1),
(93942, '12578404000146', 'CGH PEDACINHO DO CÉU SPE ENERGIA ELETRICA  LTDA', 'CGH PEDACINHO DO CÉU SPE ENERGIA ELETRICA  LTDA', '123', 1),
(93943, '16679557000130', 'ASPRA PM BM DE MINAS GERAIS', 'ASPRA PM BM DE MINAS GERAIS', '123', 1),
(93944, '05027968000125', 'MASTER TRANSPORTES E LOGISTICA LTDA', 'MASTER TRANSPORTES E LOGISTICA LTDA', '123', 1),
(93945, '88438457649', 'EDIVAR JOSE DE CARVALHO E OUTROS', 'EDIVAR JOSE DE CARVALHO E OUTROS', '123', 1),
(93946, '18295215787', 'ALVARO ELY MONTEIRO VILELA', 'ALVARO ELY MONTEIRO VILELA', '123', 1),
(93947, '00075944880', 'WAGNER BARROS GAMA', 'WAGNER BARROS GAMA', '123', 1),
(93948, '15021025600', 'SILVINO ZANETTI', 'SILVINO ZANETTI', '123', 1),
(93949, '18757440000153', 'JS EMPORIO E CONVENIENCIA LTDA ME', 'JS EMPORIO E CONVENIENCIA LTDA ME', '123', 1),
(93950, '00960418000140', 'MUNDO VERDE AGROPECUARIA LTDA ME', 'MUNDO VERDE VIVEIRO FLORESTAL', '123', 1),
(93951, '03742318853', 'JOSE NILTON DA SILVA', 'JOSE NILTON DA SILVA', '123', 1),
(93952, '18938671615', 'CELESTRINO DE OLIVEIRA', 'CELESTRINO DE OLIVEIRA', '123', 1),
(93953, '14151866000108', 'SANDRO OMAR FERNANDES-ME', 'SANDRO OMAR FERNANDES-ME', '123', 1),
(93954, '17856162000200', 'FORMAT FORNECEDORA DE MATERIAS LTDA', 'FORMAT FORNECEDORA DE MATERIAS LTDA', '123', 1),
(93955, '06020259668', 'MENDES INCORPORADORA LTDA', 'MENDES INCORPORADORA LTDA', '123', 1),
(93956, '14730298000280', 'BUENO CAFE COMERCIO E EXPORTAÇÃO LTDA', 'BUENO CAFE COMERCIO E EXPORTAÇÃO LTDA', '123', 1),
(93957, '09242069698', 'ROGER APARECIDO SOARES', '', '123', 1),
(93958, '67729178000491', 'COMERCIAL CIRURGICA RIO CLARENSE', 'COMERCIAL CIRURGICA RIO CLARENSE', '123', 1),
(93959, '17293102000145', 'GICAFÉ COMÉRCIO DE GRÃOS LTDA', 'GICAFÉ COMÉRCIO DE GRÃOS LTDA', '123', 1),
(93960, '58666338687', 'DAVID IZIDIO DOS SANTOS', 'DAVID IZIDIO DOS SANTOS', '123', 1),
(93961, '50791044653', 'DANIR GUELERE', 'DANIR GUELERE', '123', 1),
(93962, '16959150000167', 'BAVARESCO TORREFAÇÃO E COMÉRCIO DE CAFE LTDA', 'BAVARESCO TORREFAÇÃO E COMÉRCIO DE CAFE LTDA', '123', 1),
(93963, '20775128004555', 'MITRA DIOCESANA DE GUAXUPE', 'PAROQUIA SAO JUDAS TADEU', '123', 1),
(93964, '07266796000178', 'CAVACOLANDIA', 'CAVACOLANDIA', '123', 1),
(93965, '13233988000180', 'GREMIO RECR E CULT ESC DE SAMBA ACAD SO SANTA RITA', 'ESCOLA DE SAMBA ACADEMICOS DO SANTA RITA', '123', 1),
(93966, '05907519649', 'ANTONIO JORGE DOS SANTOS', 'ANTONIO JORGE DOS SANTOS', '123', 1),
(93967, '15304911000180', 'REFRATARIOS SN LTDA', 'REFRATARIOS SN LTDA', '123', 1),
(93968, '11325054000143', 'ASSOCIAÇÃO REC INF PERERE DO AMANHA', 'ASSOCIAÇÃO REC INF PERERE DO AMANHA', '123', 1),
(93969, '19521142000122', 'DILMAN RODRIGUES E OUTROS', 'DILMAN RODRIGUES E OUTROS', '123', 1),
(93970, '33982511615', 'JOAO BOSCO PEREIRA DE CASTRO', 'JOAO BOSCO PEREIRA DE CASTRO', '123', 1),
(93971, '08573241000131', 'NOVA CAR COMERCIO DE VEICULOS PEÇAS E SERV LTDA', 'NOVA CAR COMERCIO DE VEICULOS PEÇAS E SERV LTDA', '123', 1),
(93972, '79962157668', 'RAMIRO DE SOUZA MELO', 'RAMIRO DE SOUZA MELO', '123', 1),
(93973, '11052562000103', 'VARGINHA COM. IMPORTAÇÃO E EXPORTAÇÃO DE CAFE LTDA', 'VARGINHA COM. IMPORTAÇÃO E EXPORTAÇÃO DE CAFE LTDA', '123', 1),
(93974, '21464324620', 'IDELMA RIBEIRO LOPES', 'IDELMA RIBEIRO LOPES', '123', 1),
(93975, '03398929605', 'FLAVIO AUGUSTO BRAGA WESTIN', 'FLAVIO AUGUSTO BRAGA WESTIN', '123', 1),
(93976, '07988123000806', 'T&AG ARMAZENS GERAIS LTDA', 'T&AG ARMAZENS GERAIS LTDA', '123', 1),
(93977, '15238073000193', 'ASSOCIAÇÃO SAO PAULO APOSTOLO', 'ASSOCIAÇÃO SAO PAULO APOSTOLO', '123', 1),
(93978, '37382848850', 'RAFAEL ARAUJO SILVA', 'RAFAEL ARAUJO SILVA', '123', 1),
(93979, '25639519000145', 'ORQUESTRA SINFONICA DE POÇOS DE CALDAS', 'ORQUESTRA SINFONICA DE POÇOS DE CALDAS', '123', 1),
(93980, '51699419604', 'JOSE ROMILDO ZETULA', 'JOSE ROMILDO ZETULA', '123', 1),
(93981, '18553379000122', 'COMERCIAL QUEBRA COCO LTDA - ME', 'COMERCIAL QUEBRA COCO LTDA - ME', '123', 1),
(93982, '23715006668', 'RUBENS ANTONIO BORGES', 'RUBENS ANTONIO BORGES', '123', 1),
(93983, '09604161610', 'DANIELLE CRISTINE MAFRA', 'DANIELLE CRISTINE MAFRA', '123', 1),
(93984, '01486044638', 'RENISE SOUZA DOS SANTOS GUZZI', 'RENISE SOUZA DOS SANTOS GUZZI', '123', 1),
(93985, '55468314649', 'ELCIO BELCHIOR', 'ELCIO BELCHIOR', '123', 1),
(93986, '04103347821', 'ISAC DE OLIVEIRA', 'ISAC DE OLIVEIRA', '123', 1),
(93987, '51700018604', 'MARIA APARECIDA BATISTA', 'MARIA APARECIDA BATISTA', '123', 1),
(93990, '22685741801', 'JULIENE KEIKO FUJII', '', '123', 1),
(93991, '58932704600', 'MARCOS APARECIDO MAFRA', 'MARCOS APARECIDO MAFRA', '123', 1),
(93992, '00235934666', 'LUIZ CARLOS DOS SANTOS', 'LUIZ CARLOS DOS SANTOS', '123', 1),
(93993, '12579490000373', 'SAINT EMILION AUTOMOVEIS PEÇAS E SERV LTDA', 'SAINT EMILION AUTOMOVEIS PEÇAS E SERV LTDA', '123', 1),
(93994, '15875725672', 'ANTONIO ALVES DE DEUS', 'ANTONIO ALVES DE DEUS', '123', 1),
(93995, '18507438000126', 'MARIO LUCIO ZAGO', 'MARIO LUCIO ZAGO', '123', 1),
(93996, '35364807649', 'JOAQUIM ANTONIO CORREA', 'JOAQUIM ANTONIO CORREA', '123', 1),
(93997, '18938787672', 'ONOFRE DA SIVEIRA', 'ONOFRE DA SILVEIRA', '123', 1),
(93998, '31443680672', 'JAIR JUVENTINO GARCIA', 'JAIR JUVENTINO GARCIA', '123', 1),
(93999, '59988304668', 'VALDECIR SIDERIO', 'VALDECIR SIDERIO', '123', 1),
(94000, '35284854691', 'JOAO APARECIDO HILARIO', 'JOAO APARECIDO HILARIO', '123', 1),
(94001, '02697108840', 'SILVIA ELAINE SUMAN BAPTISTA', 'SILVIA ELAINE SUMAN BAPTISTA', '123', 1),
(94002, '16579216620', 'SEBASTIAO PEREIRA', 'SEBASTIAO PEREIRA', '123', 1),
(94003, '08899062897', 'ALEXANDER DANNIAS', 'ALEXANDER DANNIAS', '123', 1),
(94004, '27203601803', 'NORBERTO DIAS', 'NORBERTO DIAS', '123', 1),
(94005, '05859911000192', 'TALL MAX INDUSTRIA EIRELI', 'TALL MAX INDUSTRIA EIRELI', '123', 1),
(94015, '14862334000189', 'MIMAPELY CONSTRUTORAE INCORPORADORA LTDA', 'MIMAPELY CONSTRUTORAE INCORPORADORA LTDA', '123', 1),
(94016, '12018082868', 'JOSE GONCALVES', 'JOSE GONCALVES', '123', 1),
(94017, '70865485615', 'EMERSON ADRIANO SILVA', 'EMERSON ADRIANO SILVA', '123', 1),
(94018, '58118721604', 'MARTIOS AUGUSTO TEIXEIRA ALVES', 'MARTIOS AUGUSTO TEIXEIRA ALVES', '123', 1),
(94020, '10475209664', 'PAULO CESAR DE COUTO', 'PAULO CESAR DE COUTO', '123', 1),
(94021, '15530260000146', 'LOTEAMENTO CENTREVILLE SPE LTDA.', 'LOTEAMENTO CENTREVILLE SPE LTDA.', '123', 1),
(94022, '19252005668', 'EDSON DO NASCIMENTO PAULINO', 'EDSON DO NASCIMENTO PAULINO', '123', 1),
(94023, '25575105806', 'RODRIGO DO SALTO ANDRE', 'RODRIGO DO SALTO ANDRE', '123', 1),
(94024, '18625202000194', 'FOTO PRAÇA 1', 'FOTO PRAÇA 1', '123', 1),
(94025, '76893073887', 'MARIA CECILIA ZANGIACOMI', 'MARIA CECILIA ZANGIACOMI', '123', 1),
(94026, '38665287000303', 'CARA COOPERATIVA AGROP. REG. DE ANDRADAS LTDA', 'CARA COOPERATIVA AGROP. REG. DE ANDRADAS LTDA', '123', 1),
(94027, '19308116672', 'ARACI DE LOURDES DIAS', 'ARACI DE LOURDES DIAS', '123', 1),
(94028, '09886770759', 'JOSE CARLOS MUNHOZ FERNANDES E OUTROS', 'JOSE CARLOS MUNHOZ FERNANDES E OUTROS', '123', 1),
(94029, '39539741653', 'JOAO OLINTO DE AGUIAR', 'JOAO OLINTO DE AGUIAR', '123', 1),
(94030, '17467515003700', 'CAFÉ TRÊS CORAÇÕES S.A', 'CAFÉ TRÊS CORAÇÕES S.A', '123', 1),
(94031, '10083138668', 'JOSE DIONIZIO CORREA', 'JOSE DIONIZIO CORREA', '123', 1),
(94032, '57879400672', 'MARCIO APARECIDO CALLE', 'MARCIO APARECIDO CALLE', '123', 1),
(94033, '00711579644', 'ZERETE OLIVEIRA', 'ZERETE OLIVEIRA', '123', 1),
(94034, '59369850678', 'TANIA REGINA DE MELO TAVARES', 'TANIA REGINA DE MELO TAVARES', '123', 1),
(94035, '41359569634', 'LEVI TEIXEIRA DOS SANTOS', 'LEVI TEIXEIRA DOS SANTOS', '123', 1),
(94036, '24064971604', 'ROBERTO CUNHA DA COSTA', 'ROBERTO CUNHA DA COSTA', '123', 1),
(94037, '72590726600', 'SEBASTIAO SABINO FERREIRA', 'SEBASTIAO SABINO FERREIRA', '123', 1),
(94038, '06082213688', 'ADRIANO COSTA ADRIANO', 'ADRIANO COSTA ADRIANO', '123', 1),
(94039, '28551010697', 'MARCOS ANTONIO SILVA', 'MARCOS ANTONIO SILVA', '123', 1),
(94040, '07417114601', 'INACIO ROBERTO DE OLIVEIRA E OUTROS', 'INACIO ROBERTO DE OLIVEIRA E OUTROS', '123', 1),
(94041, '10663367689', 'ADOLFO LUIS CANDIDO', 'ADOLFO LUIS CANDIDO', '123', 1),
(94042, '18459628003300', 'BAYER S/A', 'BAYER S/A', '123', 1),
(94043, '50527703672', 'RICARDO CAMPOS', 'RICARDO CAMPOS', '123', 1),
(94165, '00526959649', 'JOEL JUNQUEIRA FERREIRA', 'JOEL JUNQUEIRA FERREIRA', '123', 1),
(94166, '13313094848', 'MARCELO LUIZ DOS SANTOS', 'MARCELO LUIZ DOS SANTOS', '123', 1),
(94167, '06078053400', 'FREDERICO ALCANTRA NOVELLI DIAS', 'FREDERICO ALCANTRA NOVELLI DIAS', '123', 1),
(94168, '35342463653', 'GILSON DONIZETE PEREIRA', 'GILSON DONIZETE PEREIRA', '123', 1),
(94169, '06151057694', 'PAULA ARAUJO GOUVEIA DE ANDRADE E OUTROS', 'PAULA ARAUJO GOUVEIA DE ANDRADE E OUTROS', '123', 1);
INSERT INTO `cliefornec` (`CODIGO`, `CPF_CGC`, `RAZAOSOCIAL`, `NOMEFANTASIA`, `senha_site`, `bool_ativo_cliefornec`) VALUES
(94170, '28102363134', 'SEBASTIAO BARBOZA DAS NEVES', 'SEBASTIAO BARBOZA DAS NEVES', '123', 1),
(94171, '61359157620', 'MANASSES FRANCO E OUTROS', 'MANSSES FRANCO E OUTROS', '123', 1),
(94172, '01097764613', 'ADILSON MARCELO FIGUEIREDO EIRELE', 'ADILSON MARCELO FIGUEIREDO EIRELE', '123', 1),
(94173, '25636010000149', 'CONDOMINIO SOLAR MARROCOS', 'CONDOMINIO SOLAR MARROCOS', '123', 1),
(94175, '05988000690', 'LOURENÇO JOSÉ RIDOLFI', 'LOURENÇO JOSÉ RIDOLFI', '123', 1),
(94176, '04236579685', 'EDNA DA FONSECA  CARVALHO', 'EDNA DA FONSECA CARVALHO', '123', 1),
(94177, '98477021600', 'ELINA DE FATIMA LEME', 'ELINA DE FATIMA LEME', '123', 1),
(94178, '27922913000111', 'ATUALIZAÇÃO PROFISSIONAL CONTINUADA LTDA', 'ATUALIZAÇÃO PROFISSIONAL CONTINUADA LTDA', '123', 1),
(94179, '02901390000104', 'FIRCON CONSTRUÇAO CIVIL LTDA', 'FIRCON CONSTRUÇAO CIVIL LTDA', '123', 1),
(94180, '11117399605', 'THALISON HENRIQUE MACIEL SILVA', '', '123', 1),
(94181, '53233000600', 'MOISES BATISTA DE CARVALHO', 'MOISES BATISTA DE CARVALHO', '123', 1),
(94182, '46155465649', 'NILCELINO RODRIGUES DA CRUZ', 'NILCELINO RODRIGUES DA CRUZ', '123', 1),
(94183, '73520209691', 'LUCIANO RIZZETTO', 'LUCIANO RIZZETTO', '123', 1),
(94184, '17093068820', 'ANDRE TOPOLOVSZKI', 'ANDRE TOPOLOVSZKI', '123', 1),
(94185, '23890894615', 'JOSE AFONSO DA SILVA', 'JOSE AFONSO DA SILVA', '123', 1),
(94186, '12694806856', 'CARLOS ALEXANDRE STANO', 'CARLOS ALEXANDRE STANO', '123', 1),
(94187, '23360248000169', 'B&P COMERCIO E EXPORTAÇÃO DE CAFE LTDA', 'B&P COMERCIO E EXPORTAÇÃO DE CAFE LTDA', '123', 1),
(94188, '46222464653', 'MOACIR PRESATO ALVES', 'MOACIR PRESATO ALVES', '123', 1),
(94189, '03335364872', 'JOAO PAULO MUNIZ', 'JOAO PAULO MUNIZ', '123', 1),
(94190, '06866579856', 'JANEVILE SARTINI MUNIZ GARCIA', 'JANEVILE SARTINI MUNIZ GARCIA', '123', 1),
(94191, '10834145855', 'MARCIA CRISTINY', 'MARCIA CRISTINY', '123', 1),
(94192, '42225938000150', 'CSB DROGARIAS S A', 'DROGASMIL', '123', 1),
(94193, '08071985000158', 'ASSOCIAÇÃO DE AGRICULTORES FAMILIARES DO CÓRREGO D', 'ASSOCIAÇÃO DE AGRICULTORES FAMILIARES DO CÓRREGO D', '123', 1),
(94194, '20892515000150', 'CORRETORA CAFE CALDENSE S/S LTDA', 'CORRETORA CAFE CALDENSE', '123', 1),
(94195, '15420647672', 'FRANCISCO MENDES RIBEIRO', 'FRANCISCO MENDES RIBEIRO', '123', 1),
(94197, '39515648653', 'ADELSON VIEIRA FRANCO', 'ADELSON VIEIRA FRANCO', '123', 1),
(94198, '02988978654', 'LEANDRO ALVES BRAGA', 'LEANDRO ALVES BRAGA', '123', 1),
(94199, '47522470625', 'JURANDIR DA COSTA FILOMENO', 'JURANDIR DA COSTA FILOMENO', '123', 1),
(94200, '26331764615', 'JOSE CARLOS DARE', 'JOSE CARLOS DARÉ', '123', 1),
(94201, '10004068653', 'JOSE RIDOLFI', 'JOSE RIDOLFI', '123', 1),
(94202, '53505611891', 'JOSE EUDARY DE OLIVEIRA', 'JOSE EUDARY DE OLIVEIRA', '123', 1),
(94203, '14780968615', 'PAULINO FERREIRA DO LAGO', 'PAULINO FERREIRA DO LAGO', '123', 1),
(94204, '02419870000125', 'COOPERATIVA DOS TRANSPORTADORES AUTONOMOS DE ARCOS', 'COOPERATIVA DOS TRANSPORTADORES AUTONOMOS', '123', 1),
(94205, '07568516610', 'ANDRE ULISSES BENETTI', 'ANDRE ULISSES BENETTI', '123', 1),
(94206, '11216695000160', 'KADOSHI DO BRASIL IND E COM DE MAQ E IMP AG LTDA M', 'KADOSCHI DO BRASIL IND E COM DE MAQ E EMP AG', '123', 1),
(94207, '05930001618', 'FLAVIO DONIZETI DA SILVA', 'FLAVIO DONIZETI DA SILVA', '123', 1),
(94208, '40717267849', 'HELIO DOS REIS JUSTINO', 'HELIO DOS REIS JUSTINO', '123', 1),
(94209, '32039554823', 'RODRIGO VENTURA SILVA', 'RODRIGO VENTURA SILVA', '123', 1),
(94210, '61201529620', 'MARIA TEIXEIRA GUIMARÃES', 'MARIA TEIXEIRA GUIMARÃES', '123', 1),
(94211, '16576016000187', 'ORGANIZA NEGOCIOS LTDA-EPP', 'ORGANIZA NEGOCIOS LTDA-EPP', '123', 1),
(94212, '21493286668', 'FLORENCIO EDUARDO QUINTEIRO', 'FLORENCIO EDUARDO QUINTEIRO', '123', 1),
(94213, '04385378000101', 'AGUA E TERRA PLANEJAMENTO AMBIENTAL LTDA', 'AGUA E TERRA PLANEJAMENTO AMBIENTAL LTDA', '123', 1),
(94214, '78598028649', 'EUDES CLODOALDO RAIMUNDO', 'EUDES CLODOALDO RAIMUNDO', '123', 1),
(94215, '75492083600', 'JOELMAR LUCAS DE ANDRADE', 'JOELMAR LUCAS DE ANDRADE', '123', 1),
(94216, '52355110697', 'EDVALDO LUIZ PESSOA', 'EDVALDO LUIZ PESSOA', '123', 1),
(94217, '59893966604', 'JOSE BENEDITO DOS SANTOS E OUTROS', 'JOSE BENEDITO DOS SANTOS E OUTROS', '123', 1),
(94218, '15635449620', 'JANIRA DIAS RIBEIRO', 'JANIRA DIAS RIBEIRO', '123', 1),
(94219, '65817915634', 'CLAUDINEI INACIO DO AMARAL', 'CLAUDINEI INACIO DO AMARAL', '123', 1),
(94220, '05361146684', 'DEIVIDI JUNIO DA COSTA', 'DEIVIDI JUNIO DA COSTA', '123', 1),
(94221, '10527931000104', 'INFORMATIZE COMERCIO E SERVIÇOS DE INFORMATICA', 'INFORMATIZE COMERCIO E SERVIÇOS DE INFORMATICA', '123', 1),
(94222, '21149507000181', 'CARLA PATRICIA DE CARVALHO', 'S.O.S DE CARTUCHOS', '123', 1),
(94223, '10966025000106', 'SMC COMERCIO E EXPORTAÇÃO DE CAFÉ S/A', 'SMC COMERCIO E EXPORTAÇÃO DE CAFÉ S/A', '123', 1),
(94224, '45734500682', 'SANDRA LUIZA DE CASTRO MOREIRA', 'SANDRA LUIZA DE CASTRO MOREIA', '123', 1),
(94225, '08477223688', 'JOSE ORLANDO BERNARDES JUNIOR', 'JOSE ORLANDO BERNARDES JUNIOR', '123', 1),
(94226, '03936948607', 'SAULO TERCIO NASCIMENTO VIEIRA', 'SAULO TERCIO NASCIMENTO VIEIRA', '123', 1),
(94227, '17174309615', 'PEDRO JOSE ALVES', 'PEDRO JOSE ALVES', '123', 1),
(94228, '06534633833', 'ADAO CARLOS COSTA', 'ADAO CARLOS COSTA', '123', 1),
(94229, '19204114000181', 'HOTEL SALVADOR', 'HOTEL SALVADOR', '123', 1),
(94230, '06940299637', 'RODRIGO TOGNI DO AMARAL', 'RODRIGO TOGNI DO AMARAL', '123', 1),
(94231, '73920084000155', 'CONSEL SERVIÇOS DE CONSERVAÇÃO E LIMPEZA LTDA', 'CONSEL SERVIÇOS DE CONSERVAÇÃO E LIMPEZA LTDA', '123', 1),
(94232, '12084144000152', 'MAURICIO QUISILI MALVONI- ME', 'MALRICIO MALVONI', '123', 1),
(94233, '10555952000125', 'IBD CERTIFICA..ES LTDA', 'IBD CERTIFICA..ES LTDA', '123', 1),
(94234, '22216253000130', '7 ESTRELAS COMERCIAL LTDA ME- 7 ESTRELAS', '7 ESTRELAS COMERCIAL LTDA ME- 7 ESTRELAS', '123', 1),
(94235, '14789965600', 'JOÃO BATISTA DE OLIVEIRA', 'JOÃO BATISTA DE OLIVEIRA', '123', 1),
(94236, '12203351691', 'ZELIA FERREIRA ROCHA DE MOURA', 'ZELIA FERREIRA ROCHA DE MOURA', '123', 1),
(94237, '23844469672', 'JOÃO MENDES', 'JOÃO MEDES', '123', 1),
(94238, '20764959000100', 'CAFE VILA MONGE LTDA ME', 'CAFE VILA MONGE LTDA ME', '123', 1),
(94239, '45811520620', 'LUIZ ANTONIO LORCA GIMENES', 'LUIZ ANTONIO LORCA GIMENES', '123', 1),
(94240, '09686581804', 'VALDIR INACIO', '', '123', 1),
(94241, '19308108653', 'CLAUDIO RODRIGUES DO LAGO', 'CLAUDIO RODRIGUES DO LAGO', '123', 1),
(94242, '27619413812', 'ELIAS DOMINGUES', 'ELIAS DOMINGUES', '123', 1),
(94243, '00025501000122', 'ALTECOM COMPRESSORES E BOMBAS LTDA EPP', 'ALTECOM COMPRESSORES E BOMBAS LTDA EPP', '123', 1),
(94244, '01204279667', 'THAIS FERREIRA FERNANDES', 'THAIS FERREIRA FERNANDES', '123', 1),
(94245, '02615010620', 'IVO DOS SANTOS', 'IVO DOS SANTOS', '123', 1),
(94246, '05026942000162', 'TELEMIDIA SISTEMAS DE TELECOMUNICAÇAO LTDA', 'TELEMIDIA SISTEMAS DE TELECOMUNICAÇAO LTDA', '123', 1),
(94247, '08898693672', 'JOSE MOACIR DE PAIVA', 'JOSE MOACIR DE PAIVA', '123', 1),
(94248, '01234049678', 'ULISSES FERREIRA DE OLIVEIRA', 'ULISSES FERREIRA DE OLIVEIRA', '123', 1),
(94249, '04762264652', 'DONIZETI JOAQUIM DA SILVA', 'DONIZETI JOAQUIM DA SILVA', '123', 1),
(94250, '83659889849', 'ALOIZIO LEAL DE CARVALHO', 'ALOIZIO LEAL DE CARVALHO', '123', 1),
(94260, '03083347871', 'JOSE LEONARDO FILHO', 'JOSE LEONARDO FILHO', '123', 1),
(94261, '87649594300', 'JOSE RAIMUNDO PENHA COSTA', 'JOSE RAIMUNDO PENHA COSTA', '123', 1),
(94262, '00543035000258', 'SILGAN WHITE CAP DO BRASIL LTDA', 'SILGAN WHITE CAP DO BRASIL LTDA', '123', 1),
(94263, '21700760000181', 'SWLMAQ DO BRASIL AUTOMAÇCAO COMERCIAL LTDA ME', 'SWLMAQ DO BRASIL', '123', 1),
(94264, '98441000700', 'LEILA DE BRITO PORTUGAL', 'LEILA DE BRITO PORTUGAL', '123', 1),
(94265, '39690237691', 'RONALDO APARECIDO VICENTE', 'RONALDO APARECIDO VICENTE', '123', 1),
(94266, '20658691000122', '	RODRIGO VIEIRA MARQUES', 'SUL MAQUINAS', '123', 1),
(94268, '71116289000157', 'AUTO POSTO GASPARZINHO LTDA', 'AUTO POSTO GASPARZINHO LTDA', '123', 1),
(94269, '17171997634', 'WASHINGTON RICARDO DA SILVA', 'WASHINGTON RICARDO DA SILVA', '123', 1),
(94270, '22068338000118', 'LIDIANE DE MORAES', 'LIDIANE DE MORAES', '123', 1),
(94271, '14781875653', 'MAURLIO RAYMUNDO DAMIÃO', 'MAURILIO RAYMUNDO DAMIÃO', '123', 1),
(94272, '05316608852', 'SILVIA SANTA GUIMARAES DOS SANTOS', 'SILVIA SANTA GUIMARAES DOS SANTOS', '123', 1),
(94273, '02499830875', 'MARILZA JUNQUEIRA ALVES', 'MARILZA JUNQUEIRA ALVES', '123', 1),
(94274, '14776100000119', 'ANA PAULA OZORIO DE SOUZA CONSTRUÇOES EPP', 'ANA PAULA OZORIO DE SOUZA CONSTRUÇOES EPP', '123', 1),
(94275, '13028338000101', 'IGREJA BATISTA AVIVAR', 'IGREJA BATISTA AVIVAR', '123', 1),
(94276, '17172365615', 'CARLOS ALBERTO DOS SANTOA', 'CARLOS ALBERTO DOS SANTOS', '123', 1),
(94277, '08523942688', 'PEDRO VIEIRA MARQUES', 'PEDRO VIEIRA MARQUES', '123', 1),
(94278, '04634403000143', 'COMERCIAL BERALDO LTDA - ME', 'COMERCIAL BERALDO LTDA - ME', '123', 1),
(94279, '51016397615', 'CLAUDIO BATISTA BARBOSA', 'CLAUDIO BATISTA BARBOSA', '123', 1),
(94281, '83342486600', 'FABIO RAMOS PEREIRA', 'FABIO RAMOS PEREIRA', '123', 1),
(94282, '23885700697', 'MARA RUBIA SENA SOLIA', 'MARA RUBIA SENA SOLIA', '123', 1),
(94283, '86588044100', 'ROBERSON CASSIO FONTANA', 'ROBERSON CASSIO FONTANA', '123', 1),
(94284, '00571161000135', 'ASSOCIAÇÃO COMUNITARIA RURAL DA REGIÃO SOUZA LIMA', 'ASSOLIMA', '123', 1),
(94285, '95591723009175', '	TNT MERCURIO CARGAS E ENCOMENDAS EXPRESSAS S/A', '	TNT MERCURIO CARGAS E ENCOMENDAS EXPRESSAS S/A', '123', 1),
(94286, '24166715000187', 'VULCÃO DE MINAS CAFÉ LTDA - ME', 'VULCÃO DE MINAS CAFÉ LTDA - ME', '123', 1),
(94287, '01451917000175', 'MARAN CONSTRUTORA LTDA', 'MARAN CONSTRUTORA LTDA', '123', 1),
(94288, '00186925670', 'MARCELIO FERREIRA SALLES', 'MARCELIO FERREIRA SALLES', '123', 1),
(94289, '21440046000100', 'GONÇALVES CERVEJARIA ARTESANAL LTDA', 'GONÇALVES CERVEJARIA ARTESANAL LTDA', '123', 1),
(94290, '13142271651', 'LUCCA GRAVINEZZI', 'LUCCA GRAVINEZZI', '123', 1),
(94291, '27140342687', 'SERGIO LOPES', 'SERGIO LOPES', '123', 1),
(94292, '41387872672', 'MARIA FATIMA DE PAULA', 'MARIA FATIMA DE PAULA', '123', 1),
(94293, '10249184000181', 'MARCELO CORSO ME', 'MARCELO CORSO ME', '123', 1),
(94294, '05116931001579', 'ASSOC. BRAS. DE ASSISTENCIA  AS PESSOAS COM CANCER', 'ASSOC. BRAS. DE ASSISTENCIA  AS PESSOAS COM CANCER', '123', 1),
(94295, '19507458000160', 'MAGAZINE VIOLA DE OURO', 'MAGAZINE VIOLA DE OURO', '123', 1),
(94296, '08428260842', 'MANASSES DA SILVA TEIXEIRA', 'MANASSES DA SILVA TEIXEIRA', '123', 1),
(94297, '01644004607', 'CESAR LUIZ DE SOUZA', 'CESAR LUIZ DE SOUZA', '123', 1),
(94298, '00023913681', 'MARCOS DE SOUZA ALEXANDRE', 'MARCOS DE SOUZA ALEXANDRE', '123', 1),
(94299, '29420993809', 'CARMEN ANGELA DE SORTI', 'CARMEN ANGELA DE SORTI', '123', 1),
(94300, '37672886649', 'AGNALDO ANTONIO DA SILVA', 'AGNALDO ANTONIO DA SILVA', '123', 1),
(94301, '49358219653', 'ANTONIO GONÇALVES', 'ANTONIO GONÇALVES', '123', 1),
(94302, '18724260000175', 'MAGNECON TELECOMUNICAÇOES E EMPRENDIMENTO LTDA', 'MAGNECON TELECOMUNICAÇOES E EMPRENDIMENTO LTDA', '123', 1),
(94303, '38776746828', 'EMERSON JUNIOR VITORINO', 'EMERSON JUNIOR VITORINO', '123', 1),
(94304, '60407573887', 'CELSO PAULO FURLANI', 'CELSO PAULO FURLANI', '123', 1),
(94305, '34205152604', 'ANTONIO DONIZETI DA COSTA', 'ANTONIO DONIZETI DA COSTA', '123', 1),
(94328, '03210763000155', 'BARBOSA E DIAS ADVOGADOS ASSOCIADOS S/C', 'BARBOSA E DIAS ADVOGADOS ASSOCIADOS S/C', '123', 1),
(94352, '03586538000703', 'BOURBON SPECIALTY COFFEES S/A - [TERCEIRO]', 'BOURBON', '03586538000703', 1),
(94415, '24958221859', 'LUIZ FERNANDO DE PAIVA', 'LUIZ FERNANDO DE PAIVA', '123', 1),
(94416, '51699060649', 'MOISES APARECIDO GARCIA', 'MOISES APARECIDO GARCIA', '123', 1),
(94417, '05257882639', 'FABIO JUNIO DE CARVALHO', 'FABIO JUNIO DE CARVALHO', '123', 1),
(94418, '04669575000152', 'AJAZA CONSTRUTORA E SERVICOS LTDA', 'AJAZA CONSTRUTORA E SERVICOS LTDA', '123', 1),
(94421, '64660624000118', 'CRC COM DE PNEUS LTDA', 'CRC COM DE PNEUS LTDA', '123', 1),
(94422, '23649825000137', 'POSTO NOSSA SENHORA  APARECIDA LTDA', 'POSTO NOSSA SENHORA  APARECIDA LTDA', '123', 1),
(94423, '05237921825', 'ANTONIO CARLOS DE ANDRADE', 'ANTONIO CARLOS DE ANDRADE', '123', 1),
(94424, '94873470625', 'ERLON HERMES SANTIAGO COUTINHO', 'ERLON HERMES SANTIAGO COUTINHO', '123', 1),
(94425, '64667774649', 'RONAN DA SILVA', 'RONAN DA SILVA', '123', 1),
(94426, '12218642620', 'OSORIO LUIZ MORAES', 'OSORIO LUIZ MORAES', '123', 1),
(94427, '58849122691', 'FABIANA ALVISI ZANGIACOMI', 'FABIANA ALVISI ZANGIACOMI', '123', 1),
(94428, '94814830610', 'ANA MARIA REZENDE AZEVEDO', 'ANA MARIA REZENDE AZEVEDO', '123', 1),
(94429, '31427871604', 'MANOEL GOMES ALMEIDA', 'MANOEL GOMES ALMEIDA', '123', 1),
(94430, '22241862000149', 'Franco E Lago Instalações Elétricas', 'Franco E Lago Instalações Elétricas', '123', 1),
(94431, '11836930000104', 'AUTO POSTO PAMPA LTDA', 'AUTO POSTO PAMPA LTDA', '123', 1),
(94432, '06653855104', 'JOAO  BATISTA DE CARVALHO', 'JOAO BATISTA DE CARVALHO', '123', 1),
(94433, '23950607000138', 'MJ CONESERTOS E SERVICOS LTDA ME', 'MJ COSTURAS BAGS E SACARIAS', '123', 1),
(94434, '05250512607', 'EVANDRO CARLOS CONSOLINI', 'EVANDRO CARLOS CONSOLINI', '123', 1),
(94435, '34588027620', 'JORGE CHAVES DUTRA', 'JORGE CHAVES DUTRA', '123', 1),
(94436, '00586359630', 'MARIA DO ROSARIO LEITE E OUTROS', 'MARIA DO ROSARIO LEITE E OUTROS', '123', 1),
(94437, '20394896000148', 'TRANSPORTES SANTA RITA LTDA.', 'TRANSPORTES SANTA RITALTDA', '123', 1),
(94438, '07468871000183', 'MADEN CONSTRUTORA LTDA', 'MADEN CONSTRUTORA LTDA', '123', 1),
(94439, '87444682615', 'VALTER MARCELINO ALVES', 'VALTER MARCELINO ALVES', '123', 1),
(94440, '39537595668', 'ANTONIO MOREIRA', 'ANTONIO MOREIRA', '123', 1),
(94441, '04860970640', 'JOSE OSWALDO PEREIRA DOS SANTOS', 'JOSE OSWALDO PEREIRA DOS SANTOS', '123', 1),
(94442, '19305192653', 'ANTONIO MAURO BRANDAO', 'ANTONIO MAURO BRANDAO', '123', 1),
(94443, '21806455000179', 'APARECIDA SILVANA DE CARVALHO 29065355839 ME', 'APARECIDA SILVANA DE CARVALHO 29065355839 ME', '123', 1),
(94444, '65836634653', 'ADINAN CARLOS NOGUEIRA', 'ADINAN CARLOS NOGUEIRA', '123', 1),
(94445, '53234227691', 'ADELIA DELLA TESTA TRDIANI', 'ADELIA DELLA TESTA TRDIANI', '123', 1),
(94446, '20252551877', 'EVANDRO FERNANDES', 'EVANDRO FERNANDES', '123', 1),
(94447, '26502680000135', 'ANGOS ENGENHARIA E TELECOMUNICACOES', 'ANGOS ENGENHARIA E TELECOMUNICACOES', '123', 1),
(94448, '10665687000138', '	PROHTEC MOTORES ELETRICOS LTDA - ME', '	PROHTEC MOTORES ELETRICOS LTDA - ME', '123', 1),
(94449, '23386496000189', 'FOCUSBRAS SOLUTIONS LTDA', 'FOCUSBRAS SOLUTIONS LTDA', '123', 1),
(94450, '21154554000113', 'TRIBUNAL DE JUSTICA DO ESTADO DE MINAS GERAIS', 'TRIBUNAL DE JUSTICA DO ESTADO DE MINAS GERAIS', '123', 1),
(94451, '26745183000168', 'CONDOMINIO RESIDENCIAL VILA VEREDA', 'CONDOMINIO RESIDENCIAL VILA VEREDA', '123', 1),
(94452, '21427986000150', 'DENIS REGIS NEDER', 'DENIS REGIS NEDER', '123', 1),
(94453, '04045136622', 'RUTH MARIA DE ARRUDA CAMARGO JUNQUEIRA E OUTROS', 'RUTH MARIA DE ARRUDA CAMARGO JUNQUEIRA E OUTROS', '123', 1),
(94454, '38366936821', 'FELIPE RIBEIRO DA SILVA', 'FELIPE RIBEIRO DA SILVA', '123', 1),
(94455, '19791259615', 'CLESIO TARCISIO MORI', 'CLESIO TARCISIO MORI', '123', 1),
(94456, '20140167000165', 'COMERCIAL ALVES FERREIRA LTDA ME', 'CONSTRUCASA', '123', 1),
(94457, '20207097000115', '	CARLOS HENRIQUE DA COSTA', '	CARLOS HENRIQUE DA COSTA', '123', 1),
(94458, '21460124634', 'KAJANY CESAR MOREIRA DOS SANTOS', 'KAJANY CESAR MOREIRA DOS SANTOS', '123', 1),
(94459, '14015461000142', 'SCALLBERI CONSTRUCOES E SERVICOS LTDA.', 'SCALLBERI CONSTRUCOES E SERVICOS LTDA.', '123', 1),
(94460, '55209394620', 'CHARLES DIAS DE MORAES', 'CHARLES DIAS DE MORAES', '123', 1),
(94461, '73714550615', 'JOSE CARLOS DE MELO', 'JOSE CARLOS DE MELO', '123', 1),
(94462, '26985246000153', 'MINAS CLUB DISTRIBUIDORA LTDA.', 'MINAS CLUB DISTRIBUIDORA LTDA.', '123', 1),
(94463, '20216836000135', 'AR GUAZZELLI MATERIAIS ELETRICOS ME', 'AR GUAZZELLI MATERIAIS ELETRICOS ME', '123', 1),
(94464, '23930484000173', 'LUCAS PLADEVALL', 'SITIO BEIRA RIO', '123', 1),
(94474, '89391705634', 'ESTEFERSON HENRIQUE LOPES', 'ESTEFERSON HENRIQUE LOPES', '123', 1),
(94475, '11129295000117', '	TSV SOLUCOES E SERVICOS LTDA - ME', '	TSV SOLUCOES E SERVICOS LTDA - ME', '123', 1),
(94476, '66821746834', 'JOSE NARCISO NOVAIS', 'JOSE NOVAIS', '123', 1),
(94477, '35317302668', 'JOSE RAIMUNDO DE MORAIS', 'JOSE RAIMUNDO DE MORAIS', '123', 1);

-- --------------------------------------------------------

--
-- Estrutura da tabela `cliefornec_telefone`
--

CREATE TABLE `cliefornec_telefone` (
  `Cliente` int(11) NOT NULL,
  `Sequencia` int(11) NOT NULL,
  `Email` varchar(255) DEFAULT NULL
) ENGINE=InnoDB DEFAULT CHARSET=utf8;

--
-- Extraindo dados da tabela `cliefornec_telefone`
--

INSERT INTO `cliefornec_telefone` (`Cliente`, `Sequencia`, `Email`) VALUES
(0, 0, ''),
(1, 0, 'jackbiller19@gmail.com'),
(2, 0, ''),
(8, 0, '.'),
(14, 0, 'eder@cafepocos.com.br'),
(14, 1, 'pradocontabil@yahoo.com.br'),
(19, 0, ''),
(27, 0, ''),
(36, 0, 'ana.cagnani@uol.com.br'),
(40, 0, '.'),
(42, 0, '.'),
(61, 0, '..'),
(62, 0, ''),
(63, 0, 'eder@cafepocos.com.br'),
(68, 0, 'eder@cafepocos.com.br'),
(71, 0, ''),
(85, 0, 'caioj@matrix.com.br'),
(86, 0, '.'),
(88, 0, ''),
(91, 0, 'fazendamariano@hotmail.com'),
(94, 0, 'riodasantas@pocos-net.com.br'),
(100, 0, '.'),
(112, 0, ''),
(116, 0, ''),
(126, 0, ''),
(131, 0, 'www.trevisan.com.br'),
(132, 0, '.'),
(134, 0, ''),
(140, 0, ''),
(147, 0, ''),
(153, 0, '.'),
(154, 0, ''),
(160, 0, ''),
(163, 0, '.'),
(174, 0, 'eder@cafepocos.com.br'),
(181, 0, ''),
(182, 0, '.'),
(183, 0, ''),
(191, 0, '....'),
(199, 0, '.'),
(200, 0, ''),
(204, 0, 'caracu@pocos-net.com.br'),
(207, 0, ''),
(209, 0, 'cafepocos.@cafepocos.com.brSS'),
(212, 0, ''),
(215, 0, ''),
(221, 0, ''),
(240, 0, '.'),
(241, 0, ''),
(248, 159, 'protecaototal@portecaototal.co'),
(249, 0, 'cafepocos@cafepocos.com.br'),
(255, 0, ''),
(266, 0, ''),
(277, 0, ''),
(289, 0, '.'),
(292, 0, ''),
(301, 0, '.'),
(303, 0, '.'),
(308, 0, 'eder@cafepocos.com.br'),
(316, 0, '.'),
(317, 0, ''),
(318, 0, ''),
(319, 0, ''),
(343, 0, ''),
(344, 0, 'karlajunq@uol.com.br'),
(350, 0, 'drimoreirat@hotmail.com'),
(364, 0, 'fazenda.cachoeirinha@yahoo.com'),
(365, 0, 'cafepocos@cafepocos.com.br'),
(372, 0, '.'),
(373, 0, 'eder@cafepocos.com.br'),
(375, 0, '.'),
(379, 0, 'queilapf@yahoo.com.br'),
(382, 0, ''),
(392, 0, ''),
(397, 0, '..'),
(399, 0, 'adolfo@cafepocos.com.br'),
(400, 0, ''),
(406, 0, '9974-0741'),
(411, 0, '.'),
(433, 0, 'n'),
(442, 0, ''),
(443, 0, ''),
(450, 0, '.'),
(451, 0, ''),
(452, 0, ''),
(462, 0, '.'),
(483, 0, ''),
(485, 0, 'eder@cafepocos.com.br'),
(490, 0, 'eder@cafepocos.com.br'),
(498, 0, ''),
(500, 0, ''),
(504, 0, '.'),
(508, 0, ''),
(509, 0, ''),
(512, 0, '.'),
(514, 0, '.'),
(519, 0, ''),
(532, 0, ''),
(536, 0, ''),
(538, 0, ''),
(541, 0, ''),
(542, 0, 'eder@cafepocos.com.br'),
(544, 0, ''),
(545, 0, 'cafepocos@cafepocos.com.br'),
(554, 0, ''),
(562, 0, '.'),
(566, 0, ''),
(567, 0, '.'),
(571, 0, ''),
(579, 0, '.'),
(582, 0, ''),
(583, 0, ''),
(586, 0, '.'),
(590, 0, 'cafepocos@cafepocos.com.br'),
(597, 0, 'eder@cafepocos.com.br'),
(598, 0, '.'),
(611, 0, 'fazendamariano@hotmail.com'),
(620, 0, '.'),
(623, 0, '(11) 9276-0641 maria angela'),
(634, 0, 'leilafrib@hotmail.com'),
(638, 0, '.'),
(639, 0, '.'),
(644, 0, ''),
(649, 0, ''),
(658, 0, 'queilapf@yahoo.com.br'),
(660, 0, ''),
(661, 0, '.'),
(664, 0, 'majarantes@gmail.com'),
(664, 1, 'fazendabelavista.bv@gmail.com'),
(668, 0, '.'),
(670, 0, '.'),
(672, 0, 'eder@cafepocos.com.br'),
(676, 0, ''),
(683, 0, '.'),
(693, 0, 'marvin.leite1@gmail.com'),
(699, 0, 'cafepocos@cafepocos.com.br'),
(702, 0, ''),
(703, 0, ''),
(704, 0, ''),
(708, 0, 'eder@cafepocos.com.br'),
(714, 0, ''),
(721, 0, '.'),
(728, 0, 'eder@cafepocos.com.br'),
(750, 0, '.'),
(753, 0, 'eliane@fazendaagualimpa.com.br'),
(762, 0, '.'),
(771, 0, ''),
(800, 0, '.'),
(805, 0, 'eder@cafepocos.com.br'),
(806, 0, ''),
(808, 0, 'fazendamariano@hotmail.com'),
(811, 0, '.'),
(816, 0, 'eder@cafepocos.com.br'),
(824, 0, 'ramiro.ferreira@alcace.com.br'),
(828, 0, 'fcp@pocos-net.com.br'),
(835, 0, 'cafepocos@cafepocos.com.br'),
(844, 0, 'seamarante@pocos-net.com.br'),
(857, 0, '.'),
(861, 0, 'sebastiao.navarro@bol.com.br'),
(863, 0, ''),
(869, 0, '.'),
(870, 0, ''),
(875, 0, ''),
(877, 0, ''),
(882, 0, '.'),
(887, 0, 'eder@cafepocos.com.br'),
(888, 0, 'eder@cafepocos.com.br'),
(896, 0, ''),
(902, 0, '.'),
(908, 0, ''),
(911, 0, '...'),
(917, 0, '.'),
(922, 0, '.'),
(927, 0, 'cafepocos@cafepocos.com.br'),
(929, 0, '.'),
(930, 0, ''),
(932, 0, 'mmnb@uol.com.br'),
(939, 0, '.'),
(947, 0, '.'),
(955, 0, 'fcp@pocos-net.com.br'),
(956, 0, ''),
(963, 0, ''),
(965, 0, ''),
(968, 0, '....'),
(972, 0, 'zuleika@serralinda.com.br'),
(985, 0, ''),
(1023, 0, ''),
(1039, 0, ''),
(1042, 0, ''),
(1043, 0, ''),
(1067, 0, '.'),
(1078, 0, ''),
(1081, 0, ''),
(1090, 0, ''),
(1091, 0, ''),
(1092, 0, ''),
(1103, 0, ''),
(1114, 0, 'ricardobratusse@yahoo.com.br'),
(1118, 0, ''),
(1123, 0, ''),
(1129, 0, ''),
(1131, 0, ''),
(1134, 0, 'joaoalbinofilho@hotmail.com'),
(1135, 0, '.'),
(1142, 0, ''),
(1168, 0, '.'),
(1193, 0, ''),
(1227, 0, '...'),
(1228, 0, '.'),
(1229, 0, '.'),
(1230, 0, ''),
(1257, 0, ''),
(1264, 0, '.'),
(1282, 0, '.'),
(1283, 0, '....'),
(1296, 0, '.'),
(1309, 0, ''),
(1315, 0, 'paz_caputoyahoo.com.br'),
(1317, 0, 'cafepocos@cafepocos.com.br'),
(1327, 0, ''),
(1335, 0, '.'),
(1340, 0, ''),
(1346, 0, ''),
(1378, 0, ''),
(1379, 0, '...'),
(1380, 0, ''),
(1413, 0, '.'),
(1418, 0, '.'),
(1461, 0, ''),
(1470, 0, ''),
(1503, 0, 'eder@cafepocos.com.br'),
(1512, 0, ''),
(1520, 0, ''),
(1521, 0, ''),
(1525, 0, ''),
(1530, 0, '.'),
(1550, 0, ''),
(1568, 0, '.'),
(1577, 0, '.'),
(1579, 0, 'cafepocos@cafepocos.com.br'),
(1590, 0, 'mario@centro-otorrino.com.br'),
(1598, 0, 'milton_prado@yahoo.com.br'),
(1601, 0, '.'),
(1620, 0, ''),
(1644, 0, ''),
(1666, 0, '.'),
(1684, 0, 'eder@cafepocos.com.br'),
(1716, 0, '.'),
(1725, 0, ''),
(1749, 0, '.'),
(1768, 0, '.'),
(1796, 0, ''),
(1807, 0, '.'),
(1814, 0, '.'),
(1815, 0, 'rafael-recreio@hotmail.com'),
(1837, 0, 'eder@cafepocos.com.br'),
(1850, 0, ''),
(1858, 0, '.'),
(1871, 0, '.'),
(1873, 0, ''),
(1885, 0, ''),
(1911, 0, 'eder@cafepocos.com.br'),
(1937, 0, '.'),
(1945, 0, '.'),
(1949, 0, ''),
(1950, 0, ''),
(1956, 0, ''),
(1986, 0, '.'),
(2007, 0, '.'),
(2019, 0, ''),
(2210, 0, ''),
(2318, 0, 'astec@dimaqequipamentos.com.br'),
(3003, 0, '.'),
(4010, 0, '.'),
(4016, 0, ''),
(4025, 0, 'agrosul.voce@uol.com.br'),
(4111, 0, ''),
(4156, 0, 'cadastro.tcr@heringer.com.br'),
(4163, 0, ''),
(4169, 0, ''),
(4304, 0, '.'),
(4356, 153, 'forsul@forsull.com.br'),
(4366, 0, 'fortluz@uol.com.br'),
(4655, 142, 'moore-brasil@moore.com.br'),
(4735, 0, '.'),
(4762, 0, 'daianacs2009@hotmail.com'),
(4842, 0, '.'),
(4935, 136, 'transp.ramos@pocos-net.com.br'),
(4936, 0, 'tgl@matrix.com.br'),
(4970, 0, ''),
(5045, 135, 'gmaf@gmaf.com.br'),
(10019, 0, ''),
(10025, 0, '..'),
(10028, 0, '.'),
(10037, 0, ''),
(10041, 0, ''),
(10048, 0, '.'),
(10050, 0, ''),
(10074, 0, '.'),
(10092, 0, 'patricia@royalcafe.com.br'),
(10098, 0, 'concreto@construtoraetapa.com.'),
(10098, 1, 'tiago.plachi@construtoraetapa.com.br'),
(10100, 0, ''),
(10107, 0, ''),
(10109, 0, ''),
(10116, 0, 'cafepocos@cafepocos.com.br'),
(10125, 0, ''),
(10129, 0, '...........'),
(10130, 0, 'faturamento@caral.com.br'),
(10154, 0, ''),
(10155, 0, 'urupecogumelos@gmail.com'),
(10165, 0, ''),
(10167, 0, ''),
(10172, 0, '.'),
(10184, 0, ''),
(10186, 0, ''),
(10208, 0, ''),
(10216, 0, 'embrasp@pocos-net.com.br'),
(10219, 0, ''),
(10227, 0, ''),
(10230, 0, ''),
(10231, 0, '.'),
(10235, 0, ''),
(10239, 0, ''),
(10242, 0, '.'),
(10244, 0, ''),
(10246, 0, ''),
(10247, 0, ''),
(10253, 0, ''),
(10260, 0, 'NENETO - 9987-1127'),
(10269, 0, ''),
(10279, 0, ''),
(10292, 0, 'eliane.henriqueta@logoplaste.com'),
(10295, 0, ''),
(10296, 0, ''),
(10297, 0, ''),
(10305, 0, 'contasapagar@pradolux.com.br'),
(10306, 0, ''),
(10315, 0, ''),
(10317, 0, ''),
(10321, 0, 'jrfsiqueira@hotmail.com'),
(10325, 0, ''),
(10345, 0, ''),
(10356, 0, ''),
(10357, 0, ''),
(10360, 0, ''),
(10364, 0, ''),
(10376, 0, '.'),
(10380, 0, ''),
(10381, 0, ''),
(10394, 0, ''),
(10405, 0, 'maplachi@hotmail.com'),
(10425, 0, ''),
(10429, 0, '.'),
(10440, 0, ''),
(10441, 0, '.'),
(10442, 0, ''),
(10447, 0, ''),
(10451, 0, 'compras@santacasapc.com.br'),
(10452, 0, ''),
(10460, 0, '.'),
(10500, 0, ''),
(10511, 0, ''),
(10518, 0, ''),
(10519, 0, '.'),
(10520, 0, '.....'),
(10538, 0, ''),
(10560, 0, 'all-fer@pocos-net.com.br'),
(10592, 0, '....'),
(10601, 0, ''),
(10605, 0, 'lhottoni@hotmail.com.br'),
(10607, 0, '37155967 - LEONILDO'),
(10612, 0, ''),
(10614, 0, 'ester.mfmk@gmail.com'),
(10616, 0, '.'),
(10642, 0, 'financeiro1@supervale.com'),
(10653, 0, ''),
(10680, 0, ''),
(10688, 0, ''),
(10694, 0, '.'),
(10700, 0, '.'),
(10705, 0, '.'),
(10750, 0, '.'),
(10760, 0, ''),
(10763, 0, 'flaviane.jacinto@vilanova.com.br'),
(10773, 0, ''),
(10780, 0, ''),
(10782, 0, ''),
(10806, 0, '.'),
(10818, 0, ''),
(10826, 0, 'togni.mse@togni.com.br'),
(10830, 0, ''),
(10831, 0, 'deividi.nogueira@vmetaiscba.com.br'),
(10836, 0, ''),
(10855, 0, ''),
(10893, 0, 'rafael.santos@transtassi.com.br'),
(10908, 0, ''),
(10926, 0, '.'),
(10936, 0, ''),
(10963, 0, ''),
(10966, 0, 'wilsoncat01@hotmail.com'),
(11858, 0, 'sindruralpocos@gmail.com'),
(12004, 0, ''),
(13033, 0, 'barrasflorestal@barrasflorestal.com.br'),
(16096, 0, ''),
(16117, 0, '.'),
(16150, 0, 'cadioli@cadioli.com.br'),
(16156, 0, 'capatex@uol.com.br'),
(16266, 0, '.'),
(16278, 154, 'sac@correnteseduardofusi.com.b'),
(16295, 0, 'trans.ramos@pocos-net.com.br'),
(16342, 0, ''),
(16347, 0, ''),
(16377, 0, ''),
(16378, 0, 'alex.silva@anauger.com.br'),
(16381, 152, 'VITALFARMA@PARAISONET.COM.BR'),
(16397, 0, 'ricardogambaroto@hotmail.com'),
(16398, 0, ''),
(16473, 0, ''),
(16483, 0, '.'),
(16486, 0, ''),
(16531, 143, 'marest@marest.com.br'),
(16584, 0, '.'),
(16615, 0, 'bruna@fuzil.com.br'),
(16628, 139, 'servi@veloxmail.com.br'),
(16637, 0, 'claudinei@sitcar.com.br'),
(16642, 0, ''),
(16740, 0, 'dryelle.santos@bravolog.com.br'),
(30454, 0, '.'),
(30482, 0, ''),
(30854, 0, '.'),
(30995, 0, ''),
(50003, 0, ''),
(50006, 0, ''),
(50007, 0, ''),
(50008, 0, ''),
(50009, 0, ''),
(50012, 0, ''),
(50016, 0, ''),
(50021, 0, ''),
(50023, 0, ''),
(50030, 0, ''),
(50037, 0, ''),
(50039, 0, ''),
(50045, 0, ''),
(50046, 0, ''),
(50052, 0, ''),
(50058, 0, ''),
(50063, 0, ''),
(50069, 0, 'circullare@circullare.com.br'),
(50083, 0, ''),
(50104, 0, ''),
(50105, 0, ''),
(50118, 0, '.'),
(50170, 0, ''),
(50184, 0, 'csoltda@yahoo.com.br'),
(50225, 0, ''),
(50246, 158, 'paganini@paganini.com.br'),
(50259, 0, ''),
(50392, 0, '.'),
(50399, 0, ''),
(50401, 0, ''),
(50457, 0, '.'),
(50465, 0, ''),
(50467, 0, ''),
(50473, 0, 'vendas@semeali.com.br'),
(50485, 0, ''),
(50497, 0, ''),
(50501, 0, ''),
(50520, 0, ''),
(50545, 0, '.'),
(50547, 0, '.'),
(50583, 0, ''),
(50586, 141, 'dellas@globalmg.com.br'),
(50594, 0, ''),
(50666, 0, ''),
(50676, 0, ''),
(50693, 0, ''),
(50696, 134, 'trapp@trapp.com.br'),
(50698, 0, ''),
(50709, 0, ''),
(50726, 1, ''),
(50728, 0, ''),
(50738, 0, ''),
(50740, 0, ''),
(50751, 0, ''),
(50757, 0, ''),
(50758, 0, ''),
(50759, 0, ''),
(50763, 0, 'nfe.ourofino@comexim.com.br'),
(50764, 0, ''),
(50774, 0, ''),
(50775, 0, '.'),
(50776, 0, ''),
(50781, 0, ''),
(50782, 0, ''),
(50790, 0, ''),
(50793, 0, '.'),
(50800, 0, ''),
(50801, 0, '.'),
(50807, 0, ''),
(50817, 0, ''),
(50832, 0, ''),
(50840, 0, '.'),
(50844, 0, 'financeiro@amfiosecabos.com.br'),
(50862, 0, '.'),
(50876, 0, ''),
(50882, 0, ''),
(50887, 0, '.'),
(50892, 0, ''),
(50894, 0, '.'),
(50906, 0, ''),
(50907, 0, ''),
(50916, 0, ''),
(50917, 0, ''),
(50919, 0, ''),
(50925, 0, ''),
(50927, 0, ''),
(50928, 0, ''),
(50929, 0, ''),
(50930, 0, ''),
(50931, 0, ''),
(50932, 0, ''),
(90000, 0, 'eder@cafepocos.com.br'),
(90009, 0, '.'),
(90017, 0, 'tsilva@bourboncoffees.com'),
(90017, 1, 'elaineramos@bourboncoffees.com'),
(90018, 131, 'lessa@lessacafe.com.br'),
(90036, 0, '.'),
(90048, 0, 'alana@lessacafe.com.br'),
(90049, 0, '.'),
(90078, 0, ''),
(90098, 0, '.'),
(90102, 0, ''),
(90210, 0, ''),
(90219, 0, ''),
(90224, 0, '.'),
(90236, 0, ''),
(90247, 133, 'olicar@olicar.com.br'),
(90248, 0, 'fiscal@spresscafe.com'),
(90263, 0, '.'),
(90268, 0, 'alexandre.mingot@yoorin.com.br'),
(90277, 0, ''),
(90281, 0, '.'),
(90285, 0, ''),
(90287, 0, '.'),
(90289, 0, 'gianelli37emerson@gmail.com'),
(90295, 0, ''),
(90296, 0, '.'),
(90297, 0, ''),
(90298, 0, ''),
(90308, 0, ''),
(90319, 156, 'luizfernandosalles@hotmail.com'),
(90328, 0, '.'),
(90332, 0, ''),
(90336, 0, '.'),
(90340, 0, ''),
(90351, 0, '.'),
(90361, 0, ''),
(90368, 0, ''),
(90377, 0, ''),
(90384, 0, 'compras@socicam.com.br'),
(90401, 0, '.'),
(90432, 0, ''),
(90442, 0, 'semprevivafinanceiro@gmail.com'),
(90456, 0, 'marcos_goncalvess@yahoo.com.br'),
(90459, 0, ''),
(90480, 0, ''),
(90487, 0, ''),
(90492, 0, 'cmenezes@matriz.com.br'),
(90501, 151, 'acscargo@terra.com.br'),
(90520, 0, '.'),
(90527, 0, '.'),
(90548, 0, 'cafepocos@cafepocos.com.br'),
(90551, 0, '.'),
(90563, 0, ''),
(90576, 0, ''),
(90586, 0, ''),
(90595, 0, ''),
(90609, 0, '.'),
(90634, 0, 'cafepocos@cafepocos.com.br'),
(90670, 0, 'eliana.silva@alcace.com.br'),
(90685, 0, '.'),
(90711, 146, 'panamericasupri@terra.com.br'),
(90723, 0, ''),
(90727, 0, ''),
(90764, 0, ''),
(90768, 0, ''),
(90770, 0, ''),
(90781, 0, ''),
(90792, 0, ''),
(90807, 0, ''),
(90822, 149, 'textilsj@dglnet.com.br'),
(90830, 0, '.'),
(90836, 0, ''),
(90839, 0, ''),
(90851, 145, 'westfaliaws@uol.com.br'),
(90857, 0, '.'),
(90860, 0, ''),
(90877, 0, 'gustavomorais@inb.gov.br'),
(90880, 0, '...'),
(90883, 150, 'vetminas@ligbr.com.br'),
(90890, 0, 'mineracao@cazanga.com.br'),
(90909, 144, 'lavizoo@aol.com'),
(90911, 0, ''),
(90921, 0, ''),
(90924, 0, 'santana@xlig.com.br'),
(90944, 0, ''),
(90972, 0, ''),
(91006, 0, 'fortluz@uol.com.br'),
(91008, 0, 'jfcancian@gmail.com'),
(91010, 0, ''),
(91015, 0, '.'),
(91026, 0, ''),
(91027, 0, ''),
(91028, 0, 'CDI@CDIINFO.COM.BR'),
(91031, 0, '.'),
(91034, 0, '.'),
(91040, 0, 'cromoarte@uol.com.br'),
(91042, 0, '9834-7078'),
(91046, 0, 'lcjc9100@hotmail.com'),
(91053, 0, ''),
(91066, 0, ''),
(91070, 0, ''),
(91074, 0, '.'),
(91076, 160, 'GRANDELESTE@ GRANDELESTE.COM.B'),
(91104, 0, ''),
(91106, 0, ''),
(91112, 0, ''),
(91120, 0, 'fabiana@curimbaba.com.br'),
(91125, 0, '.'),
(91129, 0, ''),
(91144, 161, 'barrosmetal@uol.com.br'),
(91163, 0, ''),
(91166, 0, ''),
(91170, 0, ''),
(91171, 0, ''),
(91176, 0, ''),
(91180, 0, 'comceramica@lorenzetti.com.br'),
(91184, 0, ''),
(91186, 0, '.'),
(91196, 0, ''),
(91201, 0, '.'),
(91202, 0, '...'),
(91203, 0, ''),
(91205, 164, 'aminoagro@aminoagro.agr.br'),
(91217, 0, ''),
(91223, 0, '.'),
(91226, 0, '.'),
(91238, 0, 'cafepocos@cafepocos.com.br'),
(91239, 0, ''),
(91240, 0, '.'),
(91252, 0, '.'),
(91257, 0, '.'),
(91258, 0, ''),
(91259, 0, '.'),
(91263, 0, ''),
(91267, 0, ''),
(91269, 0, '....'),
(91275, 0, '.'),
(91280, 0, '.'),
(91283, 0, ''),
(91284, 0, ''),
(91305, 0, '.'),
(91308, 0, 'NAO'),
(91314, 0, 'NAO'),
(91325, 163, 'lambari@pocosnet.com.br'),
(91327, 0, '.'),
(91329, 0, '.'),
(91333, 0, ''),
(91344, 0, '.'),
(91347, 0, 'juliano.melo@ipanemacoffees.com.br'),
(91350, 0, '.'),
(91353, 0, 'j.a.pedroso@tpnet.psi.br'),
(91357, 130, 'gbvt@directnet.com.br'),
(91358, 0, '.'),
(91360, 0, '00000000000000000'),
(91367, 0, ''),
(91368, 0, ''),
(91381, 0, 'COGUMELOS@URUPE.COM.BR'),
(91407, 0, ''),
(91408, 129, 'comercial.falcao@terra.com.br'),
(91412, 0, 'compras@climepetotal.com.br'),
(91415, 0, ''),
(91417, 0, ''),
(91420, 0, '.'),
(91424, 0, ''),
(91426, 0, '.'),
(91430, 0, ''),
(91431, 0, ''),
(91432, 0, '.'),
(91435, 0, '.'),
(91437, 0, 'tainara@exportadoralambari.com.br'),
(91437, 1, ''),
(91437, 2, ''),
(91457, 0, 'financeiro.vga@telemont.com.br'),
(91462, 0, ''),
(91471, 0, '..'),
(91474, 0, ''),
(91476, 0, '.'),
(91478, 0, '.'),
(91483, 0, '...'),
(91484, 0, '.'),
(91488, 0, '.'),
(91491, 0, 'daytona@daytonahonda.com.br'),
(91492, 108, 'pagril@uai.com.br'),
(91498, 0, '.'),
(91505, 0, 'fiscal@mundart-cristalizacao.com'),
(91505, 1, 'vendas@mundart-cristalizacao.com'),
(91506, 0, ''),
(91509, 0, '..'),
(91510, 0, ''),
(91534, 0, '..'),
(91539, 0, ''),
(91545, 0, '.'),
(91546, 0, ''),
(91548, 0, '.'),
(91551, 0, '.'),
(91556, 0, '.'),
(91560, 0, ''),
(91561, 0, ''),
(91566, 0, ''),
(91576, 0, 'eder@cafepocos.com.br'),
(91580, 0, ''),
(91583, 0, '.'),
(91584, 0, '..'),
(91598, 0, ''),
(91599, 0, 'CDI@CDIINFO.COM.BR'),
(91600, 0, '....'),
(91602, 119, 'castrorezendemg@aol.com'),
(91603, 0, ''),
(91604, 0, ''),
(91610, 0, '.'),
(91612, 0, 'CONTABILIDADE@CDIINFO.COM.BR'),
(91617, 0, '...'),
(91624, 0, '.'),
(91627, 0, '.'),
(91628, 0, ''),
(91629, 0, '.'),
(91640, 121, 'GRANDELESTE@ GRANDELESTE.COM.B'),
(91642, 0, ''),
(91647, 0, ''),
(91652, 0, '.'),
(91653, 0, '.'),
(91665, 0, ''),
(91667, 0, 'cafegraodeouro@cafegraodeouro.'),
(91671, 0, ''),
(91672, 0, '.'),
(91674, 0, '.'),
(91675, 122, 'natucid@terra.com.br'),
(91677, 0, ''),
(91678, 0, ''),
(91682, 0, '.'),
(91683, 0, '....'),
(91684, 0, '.'),
(91686, 0, '..'),
(91689, 0, ''),
(91692, 0, ''),
(91696, 0, ''),
(91700, 0, '..'),
(91704, 0, ''),
(91705, 0, '.'),
(91710, 0, '.'),
(91713, 0, '.'),
(91715, 0, '.'),
(91716, 0, '.'),
(91717, 0, '.'),
(91721, 0, ''),
(91722, 0, '..'),
(91724, 0, 'truckj@truckj.com.br'),
(91728, 0, '.'),
(91730, 0, ''),
(91731, 0, ''),
(91734, 0, ''),
(91739, 123, 'ACOBENI@ACOBENI.COM.BR'),
(91741, 0, '.'),
(91745, 0, ''),
(91765, 0, ''),
(91768, 0, 'claudinei@cafepocos.com.br'),
(91773, 110, 'fscoffee@zaz.com.br'),
(91774, 0, ''),
(91776, 0, '.'),
(91782, 0, 'atendimento@campocachoeira.com.br'),
(91783, 111, 'jequit@terra.com.br'),
(91784, 112, 'jaguare@jaguare.com.br'),
(91785, 113, 'macplasti@aol.com'),
(91788, 0, '.'),
(91791, 0, '.'),
(91795, 0, ''),
(91797, 0, '.'),
(91802, 0, '.'),
(91804, 0, '.'),
(91812, 0, '.'),
(91813, 0, '.'),
(91823, 0, '..'),
(91828, 0, 'dandrea@agrimport.com'),
(91845, 0, '.'),
(91849, 0, '.'),
(91851, 0, ''),
(91852, 0, ''),
(91853, 0, '.'),
(91854, 0, 'eder@cafepocos.com.br'),
(91856, 0, ''),
(91859, 0, '.'),
(91862, 0, '...'),
(91879, 0, '..'),
(91880, 0, '9995-8577  casa reginaldo'),
(91882, 0, ''),
(91883, 0, 'debora_albino@pdic.com'),
(91884, 100, 'grandeleste@grandeleste.com.br'),
(91887, 0, 'pastobras@pastobras.com.br'),
(91888, 0, '.'),
(91898, 102, 'pms@santos.sp.gov.br'),
(91901, 0, ''),
(91903, 0, '..'),
(91904, 0, ''),
(91905, 0, ''),
(91907, 0, ''),
(91912, 0, '.'),
(91917, 0, ''),
(91920, 0, '.'),
(91923, 114, 'tecfilm@tecfilm.com.br'),
(91924, 115, 'transmendes@transmendes.com.r'),
(91927, 0, '.'),
(91929, 0, ''),
(91935, 0, '..'),
(91937, 0, ''),
(91941, 0, ''),
(91942, 0, '..'),
(91943, 0, '..'),
(91946, 0, ''),
(91949, 0, '.'),
(91957, 0, ''),
(91960, 0, '.'),
(91965, 0, 'casadasvacinas@ig.com.br'),
(91975, 0, 'formatloteamentos@hotmail.com'),
(91977, 0, '.'),
(91979, 0, '..'),
(91986, 0, '...'),
(92001, 0, ''),
(92002, 0, ''),
(92005, 0, '.'),
(92009, 0, '.'),
(92011, 166, 'OLIRTOSJ@IG.COM.BR'),
(92017, 0, 'protspray@protspray.com.br'),
(92033, 0, ''),
(92034, 0, '..'),
(92037, 0, '..'),
(92039, 0, 'claudinei@sitcar.com.br'),
(92040, 0, '.'),
(92051, 0, '..'),
(92052, 0, '..'),
(92053, 0, '.'),
(92062, 0, '.'),
(92064, 0, ''),
(92066, 0, ''),
(92072, 0, '.'),
(92081, 0, ''),
(92082, 0, ''),
(92084, 0, 'julio@terrafortecafes.com.br'),
(92084, 1, 'FISCAL@TERRAFORTECAFES.COM.BR'),
(92092, 0, '37213100'),
(92100, 0, ''),
(92105, 0, '..'),
(92111, 0, ''),
(92116, 0, '.'),
(92122, 0, ''),
(92123, 0, ''),
(92125, 0, 'wolgranbarbosa@yahoo.com.br'),
(92126, 0, ''),
(92128, 117, 'grafmol@grafmol.com.br'),
(92130, 0, '.'),
(92136, 0, ''),
(92137, 0, ''),
(92139, 0, '.'),
(92145, 0, '.'),
(92146, 116, 'MZK@MZK.COM.BR'),
(92147, 0, ''),
(92149, 0, '.'),
(92151, 0, ''),
(92152, 0, ''),
(92155, 0, '.'),
(92156, 0, '.'),
(92159, 0, ''),
(92170, 0, ''),
(92171, 0, ''),
(92172, 0, ''),
(92178, 0, ''),
(92183, 0, ''),
(92186, 0, ''),
(92194, 0, '..'),
(92195, 0, ''),
(92198, 118, 'andre@cassillatour.com.br'),
(92204, 0, '........'),
(92207, 0, 'hernani.ut@uol.com.br'),
(92214, 0, '..'),
(92215, 0, 'andre@cassillatour.com.br'),
(92216, 0, ''),
(92220, 128, 'LUCAS_CASAO@HOTMAIL.COM'),
(92222, 0, '.'),
(92223, 0, '.'),
(92224, 0, ''),
(92225, 0, ''),
(92226, 0, '..'),
(92231, 0, '...'),
(92232, 0, '..'),
(92238, 0, '.'),
(92242, 105, 'distrijacto@yahoo.com.br'),
(92251, 103, 'botimetal@botimetal.com.br'),
(92252, 0, '.........'),
(92255, 104, 'parcan@parcanbh.com.br'),
(92263, 0, 'carloshm@cnen.gov.br'),
(92265, 0, '.'),
(92268, 0, ''),
(92274, 0, ''),
(92277, 0, '.'),
(92282, 0, '.'),
(92291, 0, '.'),
(92292, 0, ''),
(92296, 0, ''),
(92297, 0, '.'),
(92300, 0, '......'),
(92306, 0, ''),
(92308, 0, '..'),
(92309, 0, '.'),
(92310, 0, ''),
(92314, 0, ''),
(92315, 0, 'nf.minasmetaispc@hotmail.com'),
(92315, 1, 'ju_minasmetaispc@hotmail.com'),
(92317, 0, ''),
(92319, 167, 'vpasteis@yahoo.com.br'),
(92323, 0, '..'),
(92329, 0, '...'),
(92333, 0, '.'),
(92335, 0, ''),
(92336, 0, '.....'),
(92339, 0, '.......'),
(92344, 0, '.......'),
(92353, 0, ''),
(92355, 0, ''),
(92360, 0, ''),
(92361, 0, 'lgconstrutora@bol.com.br'),
(92363, 0, '..'),
(92364, 0, '..'),
(92372, 0, ''),
(92373, 0, ''),
(92376, 0, ''),
(92379, 0, ''),
(92382, 0, '..'),
(92389, 0, ''),
(92391, 0, '........'),
(92396, 0, '.'),
(92400, 0, 'sac@docescastellani.com.br'),
(92405, 0, ''),
(92406, 0, '..'),
(92407, 0, '......'),
(92411, 0, '.'),
(92420, 0, ''),
(92422, 0, ''),
(92427, 0, '.....'),
(92431, 0, '.....'),
(92435, 0, ''),
(92436, 0, '.'),
(92437, 0, '..'),
(92439, 0, '.'),
(92440, 0, '..'),
(92443, 0, ''),
(92449, 0, '.....'),
(92451, 0, ''),
(92452, 0, 'cesarbluma@gmail.com'),
(92460, 0, '..'),
(92462, 0, 'eder@cafepocos.com.br'),
(92465, 169, 'walmor@dglnet.com.br'),
(92468, 0, '.'),
(92472, 0, 'riodasantas@pocos-net.com.br'),
(92478, 0, ''),
(92480, 0, ''),
(92481, 0, 'irineujuniorr@hotmail.com'),
(92486, 0, '.....'),
(92487, 0, ''),
(92488, 0, ''),
(92491, 0, ''),
(92501, 170, 'marcusvaldivieso@hotmail.com'),
(92502, 0, ''),
(92509, 0, ''),
(92520, 0, ''),
(92521, 0, '.'),
(92525, 0, 'eder@cafepocos.com.br'),
(92527, 0, '.'),
(92528, 0, ''),
(92532, 0, ''),
(92536, 171, 'MGMCAMISETAS@YAHOO.COM.BR'),
(92538, 0, ''),
(92539, 0, ''),
(92542, 172, 'eloi@liviero.com.br'),
(92548, 0, '.'),
(92554, 0, '.'),
(92555, 0, '.'),
(92557, 0, '.'),
(92559, 0, '.'),
(92561, 0, '.'),
(92565, 0, ''),
(92567, 0, '.'),
(92572, 0, ''),
(92577, 0, ''),
(92580, 0, ''),
(92583, 173, 'nexusepi@nexusepi.com.br'),
(92585, 174, 'PNEUSUL@PNEUSUL.COM.BR'),
(92588, 0, '.'),
(92592, 0, '.'),
(92598, 0, '.'),
(92599, 0, '.'),
(92601, 0, 'PETROL@PETROL.COM.BR'),
(92602, 0, ''),
(92603, 0, ''),
(92604, 0, ''),
(92606, 0, '.'),
(92609, 0, '.'),
(92611, 0, ''),
(92612, 0, ''),
(92614, 176, 'alkaprodutosagropecuarios@uol.'),
(92617, 0, ''),
(92619, 177, 'pat.bandeira@bol.com.br'),
(92628, 0, ''),
(92631, 0, ''),
(92632, 0, '.'),
(92633, 0, '.'),
(92638, 0, 'adriana@lessacafe.com.br'),
(92639, 0, ''),
(92642, 0, '.'),
(92646, 0, ''),
(92646, 1, ''),
(92649, 0, '.'),
(92652, 0, '.'),
(92655, 0, 'marcosousa@cafepocos.com.br'),
(92657, 0, 'blatta@blatta.com.br'),
(92658, 0, '.'),
(92660, 0, ''),
(92661, 0, ''),
(92666, 0, '.'),
(92667, 0, ''),
(92671, 179, 'terravivaambiental@bol.com.br'),
(92672, 0, 'adm@pocosbeer.com.br'),
(92673, 0, '.'),
(92676, 0, ''),
(92678, 0, '.'),
(92680, 0, ''),
(92681, 0, ''),
(92683, 0, ''),
(92685, 0, ''),
(92686, 0, ''),
(92692, 0, ''),
(92697, 0, ''),
(92698, 180, 'pacaluz@pacaluz.com.br'),
(92699, 0, ''),
(92703, 181, 'botimetal@botimetal.com.br'),
(92707, 0, ''),
(92711, 0, ''),
(92713, 0, ''),
(92714, 0, ''),
(92715, 0, ''),
(92719, 0, ''),
(92720, 0, '.'),
(92723, 0, ''),
(92727, 0, ''),
(92728, 0, ''),
(92729, 0, ''),
(92732, 0, ''),
(92735, 182, 'eletroservice-pc@hotmail.com'),
(92737, 0, 'isabel@ecoga.com.br'),
(92738, 0, '.'),
(92739, 0, 'alexandro@emsere.com.br'),
(92745, 0, ''),
(92749, 0, '.'),
(92751, 183, 'dmincorporadora@hotmail.com'),
(92756, 184, 'marcio.seixas@linse.com.br'),
(92757, 0, 'andretopolovszki@hotmail.com'),
(92760, 0, ''),
(92768, 0, '.'),
(92769, 0, ''),
(92770, 0, '.'),
(92772, 0, '.'),
(92780, 0, ''),
(92784, 0, '.'),
(92788, 0, ''),
(92790, 0, 'fabiana.goncalves@cbl-logistica.com.br'),
(92798, 0, ''),
(92806, 0, ''),
(92816, 0, '.'),
(92817, 0, ''),
(92819, 0, ''),
(92825, 0, ''),
(92827, 0, '.'),
(92829, 0, '.'),
(92830, 0, ''),
(92831, 0, ''),
(92833, 0, ''),
(92834, 0, ''),
(92837, 0, '.'),
(92840, 0, 'adm@genfertil.com.br'),
(92841, 0, ''),
(92844, 0, 'aline@minassultransportes.com.br'),
(92845, 0, 'fazenda.3barras@uol.com.br'),
(92847, 0, '.'),
(92854, 0, '.'),
(92855, 0, 'repor@repor.com.br'),
(92857, 0, '.'),
(92859, 0, '.'),
(92863, 0, 'quisana@pocos-net.com.br'),
(92874, 0, ''),
(92875, 0, ''),
(92879, 0, '.'),
(92880, 0, ''),
(92887, 0, ''),
(92888, 0, '.'),
(92893, 0, '.'),
(92894, 0, ''),
(92900, 0, '.'),
(92905, 0, 'americaimports@hotmail.com'),
(92906, 0, ''),
(92912, 0, '.'),
(92916, 0, ''),
(92919, 0, '.'),
(92920, 0, ''),
(92922, 0, '.'),
(92924, 0, ''),
(92925, 0, '.'),
(92933, 0, '.'),
(92936, 0, ''),
(92938, 0, ''),
(92944, 0, '.'),
(92946, 0, ''),
(92950, 0, ''),
(92951, 0, ''),
(92953, 0, ''),
(92953, 1, ''),
(92954, 0, '.'),
(92958, 0, '.'),
(92960, 0, 'caracu@pocos-net.com.br'),
(92966, 0, '.'),
(92969, 0, '.'),
(92970, 0, '.'),
(92971, 0, '.'),
(92974, 0, '.'),
(92976, 0, '.'),
(92977, 0, '.'),
(92978, 0, '.'),
(92983, 0, ''),
(92984, 0, '.'),
(92988, 0, '.'),
(92989, 0, ''),
(92990, 0, ''),
(92993, 0, ','),
(92995, 0, ''),
(92996, 0, '.'),
(93012, 0, ''),
(93013, 0, ''),
(93015, 0, 'toninho@terrafortecafes.com.br'),
(93018, 0, ''),
(93020, 0, '.'),
(93026, 0, '.'),
(93028, 0, ''),
(93029, 0, '.'),
(93033, 0, '.'),
(93036, 0, 'joaocebolaccp@yahoo.com.br'),
(93037, 0, ''),
(93038, 0, '.'),
(93043, 0, '.'),
(93045, 0, ''),
(93046, 0, ''),
(93047, 0, '.'),
(93048, 0, 'COMERCIALASSIS@BOL.COM.BR'),
(93053, 0, '.'),
(93054, 0, '.'),
(93057, 0, '.'),
(93058, 0, '.'),
(93059, 0, '.'),
(93060, 0, '.'),
(93063, 0, '.'),
(93065, 0, '.'),
(93066, 0, '.'),
(93067, 0, '.'),
(93068, 0, '.'),
(93069, 0, '.'),
(93070, 0, '.'),
(93071, 0, '.'),
(93072, 0, '.'),
(93073, 0, '.'),
(93074, 0, '..'),
(93075, 0, '.'),
(93076, 0, '..'),
(93077, 0, '.'),
(93078, 0, '.'),
(93079, 0, '.'),
(93080, 0, '.'),
(93081, 0, '.'),
(93082, 0, '.'),
(93083, 0, '.'),
(93084, 0, '.'),
(93085, 0, '.'),
(93086, 0, '.'),
(93087, 0, '.'),
(93088, 0, '.'),
(93089, 0, '.'),
(93090, 0, '.'),
(93091, 0, '.'),
(93092, 0, '.'),
(93093, 0, 'luisinhoagro@yahoo.com.br'),
(93094, 0, '.'),
(93095, 0, '.'),
(93097, 0, '.'),
(93098, 0, 'bzandreia@hotmail.com'),
(93099, 0, '.'),
(93100, 0, '.'),
(93101, 0, '.'),
(93102, 0, '.'),
(93103, 0, '.'),
(93104, 0, '.'),
(93105, 0, '.'),
(93106, 0, 'matoseluz@bol.com.br'),
(93106, 1, 'tanialuciamatos@bol.com.br'),
(93107, 0, '.'),
(93108, 0, '.'),
(93109, 0, '.'),
(93110, 0, 'santalina@uol.com.br'),
(93112, 0, '.'),
(93113, 0, '.'),
(93114, 0, '.'),
(93115, 0, '.'),
(93116, 0, 'case.financeiro@gmail.com'),
(93116, 1, 'case.civil@gmail.com'),
(93118, 0, '.'),
(93119, 0, 'eder@cafepocos.com.br'),
(93120, 0, 'eder@cafepocos.com.br'),
(93121, 0, '.'),
(93122, 0, '.'),
(93123, 0, '.'),
(93124, 0, '.'),
(93125, 0, '.'),
(93126, 0, 'digitronicti@ig.com.br'),
(93127, 0, '.'),
(93128, 0, '.'),
(93129, 0, '.'),
(93130, 0, '.'),
(93131, 186, 'agronet@axtelecom.com.br'),
(93132, 0, '.'),
(93133, 0, 'eder@cafepocos.com.br'),
(93135, 0, '.'),
(93136, 0, '.'),
(93137, 0, '.'),
(93138, 0, '.'),
(93139, 0, '.'),
(93140, 0, '.'),
(93141, 0, '.'),
(93142, 0, '.'),
(93143, 0, '.'),
(93144, 0, 'mcminsumos@superig.com.br'),
(93145, 0, '.'),
(93146, 0, '.'),
(93147, 0, '.'),
(93148, 0, '.'),
(93149, 0, '.'),
(93150, 0, '.'),
(93151, 0, '.'),
(93152, 0, '.'),
(93153, 0, '.'),
(93154, 0, '.'),
(93155, 0, '.'),
(93156, 0, '.'),
(93157, 0, '.'),
(93158, 0, '.'),
(93160, 0, '.'),
(93161, 0, '.'),
(93162, 0, '.'),
(93163, 0, '.'),
(93164, 0, '.'),
(93165, 0, '.'),
(93166, 0, '.'),
(93167, 0, '.'),
(93168, 0, '...'),
(93169, 0, '.'),
(93170, 0, '.'),
(93171, 0, '.'),
(93172, 0, '.'),
(93173, 0, '.'),
(93174, 0, '.'),
(93175, 0, '.'),
(93176, 0, '.'),
(93177, 0, '.'),
(93178, 0, '.'),
(93180, 0, 'lessa@lessacafe.com.br'),
(93181, 0, ''),
(93182, 0, '.'),
(93183, 0, '.'),
(93184, 0, '.'),
(93185, 0, '.'),
(93186, 0, 'julio.zulao@yahoo.com.br'),
(93187, 0, '...'),
(93188, 0, '.'),
(93189, 0, '.'),
(93190, 0, '.'),
(93191, 0, '.'),
(93192, 0, '.'),
(93193, 0, '..'),
(93195, 0, '.'),
(93196, 0, '.'),
(93197, 0, 'adcalcoa@pocos-net.com.br'),
(93198, 0, 'acr@acrservicos.com.br'),
(93198, 1, 'dalberto@acrservicos.com.br'),
(93199, 0, '..'),
(93200, 0, 'COMPRAS@CONSTRUTORABORA.COM.BR'),
(93201, 0, '.'),
(93202, 0, '.'),
(93203, 0, '..'),
(93204, 0, '..'),
(93205, 0, '..'),
(93206, 0, '..'),
(93208, 0, '.'),
(93209, 0, '.'),
(93210, 0, '..'),
(93211, 0, '.'),
(93212, 0, '.'),
(93213, 0, '....'),
(93214, 0, '.'),
(93215, 0, '.'),
(93216, 0, '...'),
(93217, 0, '.'),
(93218, 0, '.'),
(93219, 0, '....'),
(93220, 0, '..'),
(93221, 0, '...'),
(93222, 0, '.'),
(93223, 0, '...'),
(93224, 0, '.'),
(93225, 0, '.'),
(93226, 0, '..'),
(93227, 0, '.'),
(93228, 0, '.'),
(93229, 0, '.'),
(93230, 0, '...'),
(93231, 0, 'duaupe@duaupe.com.br'),
(93232, 0, ''),
(93234, 0, '..'),
(93235, 0, '....'),
(93236, 0, '.'),
(93237, 0, '....'),
(93238, 0, '.'),
(93239, 0, '.'),
(93240, 0, '..'),
(93241, 0, '.'),
(93242, 0, '..'),
(93243, 0, ''),
(93244, 0, '...'),
(93245, 0, '.'),
(93246, 0, ''),
(93247, 0, '...'),
(93248, 0, '.'),
(93249, 0, '.'),
(93250, 0, ''),
(93251, 0, '...'),
(93252, 0, ''),
(93253, 0, '.'),
(93254, 0, '...'),
(93255, 0, '..'),
(93256, 0, ''),
(93257, 0, 'texwork@texwork.com.br'),
(93259, 0, '....'),
(93260, 0, '....'),
(93261, 0, '....'),
(93262, 0, '....'),
(93263, 0, '....'),
(93264, 0, '...'),
(93265, 0, '.'),
(93266, 0, '.'),
(93267, 0, '...'),
(93268, 0, '.....'),
(93269, 0, 'karina.procopio@outlook.com'),
(93270, 0, '.'),
(93271, 0, '...'),
(93272, 0, '....'),
(93273, 0, '...'),
(93274, 0, '....'),
(93275, 0, '....'),
(93276, 0, '....'),
(93277, 0, '.'),
(93278, 0, '....'),
(93280, 0, '....'),
(93281, 0, '.'),
(93282, 0, '.'),
(93283, 0, '.'),
(93284, 0, '...'),
(93285, 0, '....'),
(93286, 0, '....'),
(93287, 0, '.....'),
(93288, 0, '...'),
(93289, 0, '...'),
(93290, 0, '.....'),
(93291, 0, '.'),
(93292, 0, '.'),
(93294, 0, ''),
(93295, 0, '...'),
(93296, 0, '....'),
(93298, 0, ''),
(93299, 0, '.'),
(93300, 0, '....'),
(93301, 0, '...'),
(93302, 0, '..'),
(93303, 0, '...'),
(93305, 0, '.'),
(93306, 0, ''),
(93307, 0, ''),
(93308, 0, ''),
(93309, 0, ''),
(93311, 0, ''),
(93312, 0, ''),
(93313, 0, ''),
(93314, 0, ''),
(93315, 0, ''),
(93316, 0, ''),
(93317, 0, ''),
(93318, 0, ''),
(93319, 0, ''),
(93320, 0, ''),
(93321, 0, ''),
(93322, 0, ''),
(93323, 0, ''),
(93324, 0, ''),
(93325, 0, ''),
(93326, 0, ''),
(93327, 0, ''),
(93328, 0, ''),
(93329, 0, ''),
(93330, 0, ''),
(93331, 0, ''),
(93333, 0, ''),
(93334, 0, ''),
(93335, 0, ''),
(93336, 0, 'jecjconstrucoes@yahoo.com.br'),
(93337, 0, 'principe@pcs.matrix.com.br'),
(93338, 0, ''),
(93339, 0, 'lucasfigueiredo22@yahoo.com.br'),
(93341, 0, ''),
(93343, 0, ''),
(93344, 0, ''),
(93345, 0, ''),
(93346, 0, ''),
(93347, 0, ''),
(93348, 0, ''),
(93349, 0, ''),
(93350, 0, 'rosa@ferragensnegrao.com.br'),
(93351, 0, ''),
(93352, 0, ''),
(93353, 0, ''),
(93355, 0, ''),
(93356, 0, ''),
(93357, 0, ''),
(93359, 0, ''),
(93360, 0, ''),
(93361, 0, ''),
(93362, 0, ''),
(93363, 0, 'receptorascuritiba@hotmail.com'),
(93364, 0, ''),
(93365, 0, 'botiluvas@gmail.com'),
(93366, 0, ''),
(93368, 0, ''),
(93369, 0, 'marcia.vegran@gmail.com'),
(93370, 0, ''),
(93372, 0, ''),
(93373, 0, 'financeiro@julicantransportes.com.br'),
(93374, 0, ''),
(93375, 0, 'sandrojoseh@itelefonica.com.br'),
(93376, 0, ''),
(93377, 0, ''),
(93378, 0, ''),
(93381, 0, ''),
(93382, 0, ''),
(93383, 0, ''),
(93384, 0, ''),
(93389, 0, ''),
(93391, 0, 'bauen.adriano@gmail.com'),
(93392, 0, ''),
(93393, 0, ''),
(93394, 0, ''),
(93395, 0, ''),
(93397, 0, ''),
(93398, 0, ''),
(93399, 0, ''),
(93401, 0, ''),
(93402, 0, ''),
(93403, 0, ''),
(93404, 0, ''),
(93405, 0, 'vendas@laboratorioadn.com.br'),
(93406, 0, ''),
(93407, 0, ''),
(93408, 0, ''),
(93409, 0, ''),
(93410, 0, ''),
(93411, 0, ''),
(93412, 0, ''),
(93413, 0, ''),
(93414, 0, ''),
(93415, 0, ''),
(93416, 0, ''),
(93417, 0, ''),
(93418, 0, ''),
(93419, 0, ''),
(93420, 0, ''),
(93421, 0, ''),
(93422, 0, ''),
(93423, 0, ''),
(93424, 0, ''),
(93425, 0, ''),
(93428, 0, ''),
(93429, 0, ''),
(93431, 0, ''),
(93432, 0, ''),
(93433, 0, ''),
(93434, 0, ''),
(93435, 0, ''),
(93436, 0, ''),
(93437, 0, ''),
(93439, 0, ''),
(93440, 0, ''),
(93443, 0, ''),
(93444, 0, ''),
(93445, 0, ''),
(93446, 0, 'gislene@fazendasertaozinho.com.br'),
(93447, 0, ''),
(93449, 0, ''),
(93450, 0, ''),
(93451, 0, ''),
(93452, 0, ''),
(93453, 0, ''),
(93454, 0, ''),
(93455, 0, ''),
(93456, 0, ''),
(93457, 0, ''),
(93458, 0, ''),
(93459, 0, ''),
(93460, 0, ''),
(93461, 0, ''),
(93462, 0, 'olivia.comercial@gmail.com'),
(93463, 0, ''),
(93464, 0, ''),
(93465, 0, ''),
(93466, 0, ''),
(93467, 0, ''),
(93468, 0, ''),
(93469, 0, ''),
(93470, 0, ''),
(93471, 0, ''),
(93472, 0, ''),
(93473, 0, ''),
(93474, 0, ''),
(93475, 0, ''),
(93476, 0, ''),
(93477, 0, ''),
(93478, 0, ''),
(93479, 0, ''),
(93480, 0, ''),
(93481, 0, ''),
(93482, 0, 'francisco@buenocafe.com.br'),
(93483, 0, ''),
(93484, 0, ''),
(93485, 0, ''),
(93486, 0, ''),
(93487, 0, ''),
(93488, 0, ''),
(93489, 0, 'bilajunqueira@gmail.com'),
(93490, 0, ''),
(93491, 0, ''),
(93492, 0, ''),
(93493, 0, ''),
(93494, 0, ''),
(93495, 0, ''),
(93496, 0, 'formatloteamentos@hotmail.com'),
(93497, 0, 'jdgrossi@uol.com.br'),
(93498, 0, 'drauzioclinico@pocos-net.com.br'),
(93499, 0, ''),
(93500, 0, 'debora@athena.eng.br'),
(93501, 0, ''),
(93502, 0, ''),
(93503, 0, ''),
(93504, 0, ''),
(93505, 0, ''),
(93506, 0, ''),
(93507, 0, ''),
(93508, 0, ''),
(93509, 0, ''),
(93510, 0, 'alana@agrovecal.com.br'),
(93511, 0, ''),
(93512, 0, ''),
(93513, 0, ''),
(93514, 0, ''),
(93515, 0, ''),
(93516, 0, ''),
(93517, 0, ''),
(93518, 0, ''),
(93519, 0, ''),
(93520, 0, ''),
(93521, 0, ''),
(93522, 0, ''),
(93523, 0, ''),
(93524, 0, ''),
(93526, 0, ''),
(93527, 0, ''),
(93528, 0, ''),
(93529, 0, ''),
(93530, 0, ''),
(93531, 0, ''),
(93532, 0, ''),
(93533, 0, ''),
(93534, 0, ''),
(93535, 0, ''),
(93536, 0, ''),
(93537, 0, ''),
(93538, 0, ''),
(93539, 0, ''),
(93540, 0, ''),
(93541, 0, ''),
(93542, 0, ''),
(93543, 0, ''),
(93544, 0, ''),
(93545, 0, ''),
(93546, 0, 'juliana@lvsolucoes.com.br'),
(93547, 0, ''),
(93548, 0, ''),
(93549, 0, ''),
(93550, 0, 'apoliveira@dmee.com.br\r\napoliveira@dmee.com.br'),
(93551, 0, ''),
(93552, 0, ''),
(93553, 0, ''),
(93554, 0, ''),
(93555, 0, 'joaomeletti@ps2empreendimentos.com.br'),
(93555, 1, 'vendas@bosquedasaraucarias.com.br'),
(93555, 2, 'joao@bosquedasaraucarias.com.br'),
(93556, 0, ''),
(93557, 0, ''),
(93558, 0, ''),
(93559, 0, ''),
(93560, 0, ''),
(93561, 0, ''),
(93562, 0, ''),
(93563, 0, ''),
(93564, 0, ''),
(93565, 0, ''),
(93566, 0, ''),
(93567, 0, ''),
(93568, 0, ''),
(93569, 0, ''),
(93570, 0, ''),
(93571, 0, ''),
(93572, 0, ''),
(93573, 0, 'nfe@seltcom.com.br'),
(93574, 0, ''),
(93575, 0, ''),
(93576, 0, ''),
(93577, 0, ''),
(93578, 0, ''),
(93579, 0, ''),
(93580, 0, 'antonio.metran@gmail.com'),
(93581, 0, 'agrovila.e@gmail.com'),
(93582, 0, ''),
(93583, 0, ''),
(93584, 0, ''),
(93585, 0, ''),
(93586, 0, ''),
(93587, 0, ''),
(93588, 0, ''),
(93589, 0, ''),
(93590, 0, ''),
(93591, 0, ''),
(93592, 0, ''),
(93593, 0, ''),
(93594, 0, ''),
(93595, 0, 'smelloantonio@gmail.com'),
(93596, 0, ''),
(93597, 0, ''),
(93598, 0, ''),
(93599, 0, ''),
(93600, 0, ''),
(93601, 0, ''),
(93602, 0, ''),
(93604, 0, ''),
(93606, 0, ''),
(93607, 0, ''),
(93608, 0, ''),
(93609, 0, ''),
(93611, 0, ''),
(93612, 0, 'luis.cortezano@alcoa.com.br'),
(93613, 0, ''),
(93614, 0, ''),
(93615, 0, ''),
(93616, 0, ''),
(93617, 0, ''),
(93618, 0, ''),
(93619, 0, ''),
(93620, 0, ''),
(93620, 1, ''),
(93621, 0, ''),
(93622, 0, 'financeiro@cecsolucoes.com.br'),
(93623, 0, ''),
(93624, 0, ''),
(93625, 0, ''),
(93627, 0, 'lucas85souza@yahoo.com.br'),
(93629, 0, ''),
(93630, 0, ''),
(93631, 0, ''),
(93632, 0, ''),
(93633, 0, ''),
(93634, 0, ''),
(93636, 0, ''),
(93637, 0, ''),
(93638, 0, ''),
(93639, 0, 'joaosena@cafepocos.com.br'),
(93640, 0, ''),
(93641, 0, ''),
(93642, 0, ''),
(93643, 0, ''),
(93644, 0, ''),
(93645, 0, ''),
(93646, 0, ''),
(93647, 0, ''),
(93648, 0, ''),
(93649, 0, ''),
(93650, 0, ''),
(93651, 0, ''),
(93652, 0, ''),
(93653, 0, ''),
(93654, 0, ''),
(93655, 0, ''),
(93656, 0, ''),
(93657, 0, ''),
(93658, 0, 'reservas@nacionalpocos.com.br'),
(93659, 0, ''),
(93660, 0, ''),
(93661, 0, ''),
(93663, 0, ''),
(93664, 0, ''),
(93665, 0, 'financeiro@labasque.com.br'),
(93666, 0, ''),
(93667, 0, ''),
(93668, 0, ''),
(93669, 0, ''),
(93670, 0, ''),
(93671, 0, ''),
(93672, 0, ''),
(93673, 0, ''),
(93674, 0, ''),
(93675, 0, ''),
(93676, 0, 'contatopc.papoloc@gmail.com'),
(93677, 0, ''),
(93678, 0, ''),
(93679, 0, ''),
(93680, 0, ''),
(93681, 0, ''),
(93682, 0, ''),
(93683, 0, ''),
(93684, 0, ''),
(93685, 0, ''),
(93686, 0, ''),
(93687, 0, ''),
(93688, 0, 'gsc@gseventos.com.br'),
(93689, 0, ''),
(93690, 0, 'santaroca@uaimail.com.br'),
(93691, 0, ''),
(93692, 0, ''),
(93693, 0, ''),
(93694, 0, ''),
(93695, 0, ''),
(93696, 0, ''),
(93697, 0, ''),
(93698, 0, ''),
(93699, 0, ''),
(93700, 0, ''),
(93701, 0, ''),
(93702, 0, ''),
(93703, 0, ''),
(93705, 0, ''),
(93706, 0, ''),
(93707, 0, ''),
(93708, 0, ''),
(93709, 0, ''),
(93710, 0, ''),
(93711, 0, ''),
(93712, 0, ''),
(93714, 0, ''),
(93715, 0, ''),
(93716, 0, ''),
(93717, 0, ''),
(93718, 0, ''),
(93719, 0, 'silvana.placenco@hotmail.com'),
(93720, 0, ''),
(93721, 0, ''),
(93722, 0, ''),
(93723, 0, ''),
(93724, 0, ''),
(93725, 0, ''),
(93726, 0, ''),
(93727, 0, ''),
(93728, 0, ''),
(93729, 0, ''),
(93730, 0, ''),
(93731, 0, ''),
(93732, 0, ''),
(93733, 0, ''),
(93734, 0, ''),
(93735, 0, ''),
(93736, 0, ''),
(93737, 0, ''),
(93738, 0, ''),
(93739, 0, ''),
(93740, 0, ''),
(93741, 0, ''),
(93742, 0, ''),
(93743, 0, ''),
(93746, 0, 'claudinei@sitcar.com.br'),
(93747, 0, ''),
(93748, 0, ''),
(93749, 0, ''),
(93750, 0, 'administrativo2@2rpart.com.br'),
(93751, 0, ''),
(93752, 0, ''),
(93753, 0, ''),
(93754, 0, ''),
(93756, 0, ''),
(93757, 0, ''),
(93758, 0, 'davidalmeidamarques@hotmail.com'),
(93758, 1, ''),
(93759, 0, ''),
(93760, 0, ''),
(93761, 0, ''),
(93762, 0, ''),
(93763, 0, ''),
(93764, 0, ''),
(93765, 0, ''),
(93766, 0, ''),
(93767, 0, ''),
(93768, 0, ''),
(93769, 0, ''),
(93771, 0, ''),
(93772, 0, ''),
(93773, 0, 'contato@casaresgate.com.br'),
(93774, 0, ''),
(93775, 0, ''),
(93776, 0, ''),
(93777, 0, ''),
(93778, 0, ''),
(93779, 0, ''),
(93780, 0, ''),
(93781, 0, ''),
(93782, 0, ''),
(93783, 0, ''),
(93784, 0, ''),
(93785, 0, ''),
(93786, 0, ''),
(93787, 0, ''),
(93788, 0, ''),
(93789, 0, ''),
(93790, 0, ''),
(93791, 0, ''),
(93792, 0, ''),
(93793, 0, ''),
(93794, 0, ''),
(93795, 0, ''),
(93796, 0, ''),
(93797, 0, ''),
(93798, 0, 'ronny.cruz_28@hotmail.com'),
(93799, 0, ''),
(93800, 0, ''),
(93801, 0, ''),
(93802, 0, ''),
(93803, 0, ''),
(93804, 0, ''),
(93805, 0, ''),
(93806, 0, ''),
(93807, 0, ''),
(93808, 0, ''),
(93809, 0, ''),
(93810, 0, ''),
(93811, 0, ''),
(93812, 0, ''),
(93813, 0, ''),
(93814, 0, ''),
(93815, 0, ''),
(93816, 0, ''),
(93817, 0, ''),
(93818, 0, ''),
(93819, 0, ''),
(93820, 0, ''),
(93821, 0, ''),
(93822, 0, ''),
(93823, 0, ''),
(93824, 0, ''),
(93825, 0, ''),
(93826, 0, ''),
(93827, 0, ''),
(93828, 0, ''),
(93829, 0, ''),
(93830, 0, ''),
(93831, 0, ''),
(93832, 0, ''),
(93833, 0, ''),
(93834, 0, ''),
(93835, 0, ''),
(93836, 0, ''),
(93837, 0, ''),
(93838, 0, ''),
(93840, 0, ''),
(93841, 0, ''),
(93842, 0, ''),
(93843, 0, ''),
(93844, 0, ''),
(93845, 0, ''),
(93846, 0, ''),
(93847, 0, ''),
(93848, 0, ''),
(93849, 0, ''),
(93850, 0, ''),
(93851, 0, ''),
(93852, 0, ''),
(93853, 0, ''),
(93854, 0, ''),
(93855, 0, ''),
(93856, 0, ''),
(93859, 0, ''),
(93860, 0, ''),
(93861, 0, ''),
(93862, 0, ''),
(93863, 0, ''),
(93864, 0, 'denilson@ranauro.adm.br'),
(93865, 0, ''),
(93866, 0, ''),
(93867, 0, ''),
(93868, 0, ''),
(93869, 0, ''),
(93870, 0, ''),
(93871, 0, ''),
(93872, 0, ''),
(93873, 0, ''),
(93874, 0, ''),
(93875, 0, ''),
(93876, 0, ''),
(93877, 0, ''),
(93878, 0, ''),
(93879, 0, ''),
(93880, 0, ''),
(93881, 0, ''),
(93882, 0, ''),
(93883, 0, ''),
(93884, 0, ''),
(93885, 0, ''),
(93886, 0, ''),
(93887, 0, ''),
(93888, 0, ''),
(93889, 0, ''),
(93890, 0, ''),
(93891, 0, ''),
(93892, 0, ''),
(93893, 0, ''),
(93894, 0, ''),
(93895, 0, ''),
(93896, 0, ''),
(93897, 0, ''),
(93898, 0, ''),
(93899, 0, ''),
(93900, 0, ''),
(93901, 0, ''),
(93902, 0, ''),
(93903, 0, ''),
(93904, 0, ''),
(93905, 0, ''),
(93906, 0, ''),
(93907, 0, 'financeiro@formatloteamentos.com.br'),
(93908, 0, ''),
(93909, 0, ''),
(93910, 0, ''),
(93911, 0, ''),
(93912, 0, ''),
(93914, 0, ''),
(93915, 0, ''),
(93916, 0, ''),
(93917, 0, ''),
(93918, 0, ''),
(93919, 0, 'madessilvapaisagismo@yahoo.com.br'),
(93920, 0, ''),
(93921, 0, 'josemarcioguimaraes@hotmail.com'),
(93922, 0, 'sportluck.pocos@gmail.com'),
(93923, 0, ''),
(93924, 0, 'confianca.contabilidade@hotmail.com'),
(93925, 0, 'atendimentocasadoconstrutor@gmail.com'),
(93926, 0, ''),
(93927, 0, ''),
(93928, 0, 'mariaovidia@gmail.com'),
(93929, 0, ''),
(93930, 0, ''),
(93931, 0, ''),
(93932, 0, 'claudinei.oliveira@alcoa.com.br'),
(93933, 0, 'wlconscivil@yahoo.com.br'),
(93934, 0, ''),
(93935, 0, 'fussen@europe.com'),
(93936, 0, ''),
(93937, 0, ''),
(93938, 0, ''),
(93939, 0, ''),
(93940, 0, 'shaftel@terra.com.br'),
(93941, 0, ''),
(93942, 0, 'cghscamp@yahoo.com'),
(93943, 0, 'aspra-regionalpocosdecaldas@hotmail.com'),
(93944, 0, 'edilson.staff@mastertranspo.com.br'),
(93945, 0, ''),
(93946, 0, ''),
(93947, 0, ''),
(93948, 0, ''),
(93949, 0, ''),
(93950, 0, 'battesiniflorestal@ig.com.br'),
(93951, 0, 'jose-niltons@hotmail.com'),
(93952, 0, ''),
(93953, 0, ''),
(93954, 0, 'format@formatloteamentos.com.br'),
(93955, 0, 'imobiliariamendespocos@hotmail.com'),
(93956, 0, 'fiscalmg@buenocafe.com.br'),
(93959, 0, ''),
(93960, 0, ''),
(93961, 0, ''),
(93962, 0, 'nfemulatinho@gmail.com'),
(93963, 0, 'paroquiasaojudaspc@hotmail.com'),
(93964, 0, 'ECONAD@GLOBO.COM'),
(93965, 0, ''),
(93966, 0, ''),
(93967, 0, 'refratariossn@gmail.com'),
(93968, 0, ''),
(93969, 0, ''),
(93970, 0, 'joaoboscopereiradecastro@hotmail.com'),
(93971, 0, ''),
(93972, 0, ''),
(93973, 0, 'alana@lessacafe.com.br'),
(93974, 0, 'altiereslopes@gmail.com'),
(93975, 0, ''),
(93976, 0, ''),
(93977, 0, ''),
(93978, 0, 'raphaelsurfyes@hotmail.com'),
(93979, 0, ''),
(93980, 0, ''),
(93981, 0, ''),
(93982, 0, ''),
(93983, 0, ''),
(93984, 0, ''),
(93985, 0, ''),
(93986, 0, ''),
(93987, 0, ''),
(93988, 0, 'agnaldobom@yahoo.com.br'),
(93989, 0, ''),
(93990, 0, ''),
(93991, 0, ''),
(93992, 0, 'luizcarlos.santos7@gmail.com'),
(93993, 0, ''),
(93994, 0, ''),
(93995, 0, 'mariolucio.zago@hotmail.com'),
(93996, 0, ''),
(93997, 0, ''),
(93998, 0, ''),
(93999, 0, ''),
(94000, 0, ''),
(94001, 0, ''),
(94002, 0, ''),
(94003, 0, 'familia@dannias.com.br'),
(94004, 0, ''),
(94005, 0, 'jluiz@apport.ind.br'),
(94006, 0, ''),
(94007, 0, ''),
(94008, 0, ''),
(94009, 0, ''),
(94010, 0, 'sumayra.rodrigues@pitagoras.com.br'),
(94011, 0, 'richfontella@uol.com.br'),
(94012, 0, ''),
(94013, 0, ''),
(94014, 0, ''),
(94015, 0, 'atendimentomimapely@hotmail.com'),
(94016, 0, ''),
(94017, 0, ''),
(94018, 0, ''),
(94019, 0, ''),
(94020, 0, ''),
(94021, 0, ''),
(94022, 0, ''),
(94023, 0, ''),
(94024, 0, ''),
(94025, 0, ''),
(94026, 0, 'nfe.andradas@cara.agr.br'),
(94027, 0, ''),
(94028, 0, ''),
(94029, 0, ''),
(94030, 0, ''),
(94031, 0, ''),
(94032, 0, ''),
(94033, 0, ''),
(94034, 0, ''),
(94035, 0, ''),
(94036, 0, ''),
(94037, 0, ''),
(94038, 0, ''),
(94039, 0, ''),
(94040, 0, ''),
(94041, 0, ''),
(94042, 0, ''),
(94043, 0, ''),
(94044, 0, ''),
(94045, 0, ''),
(94046, 0, ''),
(94047, 0, ''),
(94048, 0, 'administracao@edmundocafe.com.br'),
(94049, 0, 'PRADO.MARCELLA2014@BOL.COM.BR'),
(94050, 0, ''),
(94051, 0, ''),
(94052, 0, ''),
(94053, 0, ''),
(94054, 0, 'corretora_cafecaldense@hotmail.com'),
(94055, 0, ''),
(94056, 0, 'administracao@maddza.com'),
(94057, 0, ''),
(94058, 0, ''),
(94059, 0, ''),
(94060, 0, ''),
(94061, 0, 'SUPERVISAO@SUPERVALE.COM'),
(94062, 0, ''),
(94063, 0, 'MARKETING@CLIMEPETOTAL.COM.BR'),
(94064, 0, ''),
(94065, 0, 'imoveis777@hotmail.com'),
(94066, 0, 'lucasglobotroter@hotmail.com'),
(94067, 0, ''),
(94068, 0, ''),
(94069, 0, ''),
(94070, 0, ''),
(94071, 0, ''),
(94072, 0, ''),
(94073, 0, ''),
(94074, 0, 'm.petreca@hotmail.com'),
(94075, 0, ''),
(94076, 0, ''),
(94077, 0, ''),
(94078, 0, ''),
(94079, 0, 'financeiro@redutodocafe.com.br'),
(94080, 0, ''),
(94082, 0, ''),
(94083, 0, ''),
(94084, 0, ''),
(94085, 0, ''),
(94086, 0, ''),
(94087, 0, ''),
(94088, 0, ''),
(94089, 0, ''),
(94090, 0, ''),
(94091, 0, ''),
(94092, 0, 'christianofloripa303@gmail.com'),
(94093, 0, ''),
(94094, 0, ''),
(94095, 0, ''),
(94096, 0, ''),
(94097, 0, ''),
(94098, 0, ''),
(94099, 0, ''),
(94100, 0, ''),
(94101, 0, ''),
(94102, 0, ''),
(94103, 0, ''),
(94104, 0, ''),
(94105, 0, ''),
(94106, 0, 'cafepocos@cafepocos.com.br'),
(94107, 0, 'jrcafe2010@gmail.com'),
(94108, 0, ''),
(94109, 0, ''),
(94110, 0, ''),
(94111, 0, ''),
(94112, 0, ''),
(94113, 0, ''),
(94114, 0, ''),
(94115, 0, ''),
(94116, 0, ''),
(94117, 0, ''),
(94118, 0, ''),
(94119, 0, ''),
(94120, 0, ''),
(94121, 0, ''),
(94122, 0, ''),
(94123, 0, ''),
(94124, 0, ''),
(94125, 0, ''),
(94126, 0, ''),
(94127, 0, ''),
(94128, 0, ''),
(94129, 0, ''),
(94130, 0, ''),
(94131, 0, ''),
(94132, 0, ''),
(94133, 0, ''),
(94134, 0, ''),
(94135, 0, ''),
(94136, 0, ''),
(94137, 0, ''),
(94138, 0, ''),
(94139, 0, ''),
(94140, 0, ''),
(94141, 0, 'fiscal@cafesamaria.com.br'),
(94142, 0, ''),
(94143, 0, ''),
(94144, 0, ''),
(94145, 0, ''),
(94146, 0, ''),
(94147, 0, ''),
(94148, 0, ''),
(94149, 0, ''),
(94150, 0, ''),
(94151, 0, ''),
(94152, 0, ''),
(94153, 0, ''),
(94154, 0, ''),
(94155, 0, ''),
(94156, 0, ''),
(94157, 0, ''),
(94158, 0, ''),
(94159, 0, ''),
(94160, 0, ''),
(94161, 0, ''),
(94162, 0, ''),
(94163, 0, ''),
(94164, 0, ''),
(94165, 0, ''),
(94166, 0, ''),
(94167, 0, 'frederico_novelli190@hotmail.com'),
(94168, 0, ''),
(94169, 0, ''),
(94170, 0, ''),
(94171, 0, ''),
(94172, 0, ''),
(94173, 0, ''),
(94174, 0, ''),
(94175, 0, ''),
(94176, 0, ''),
(94177, 0, ''),
(94178, 0, ''),
(94179, 0, ''),
(94180, 0, ''),
(94181, 0, ''),
(94182, 0, ''),
(94183, 0, ''),
(94184, 0, ''),
(94185, 0, ''),
(94186, 0, ''),
(94187, 0, 'borbakfe@gmail.com'),
(94188, 0, ''),
(94189, 0, ''),
(94190, 0, ''),
(94191, 0, ''),
(94192, 0, 'fabio.faria@csbdrogarias.com.br'),
(94195, 0, ''),
(94196, 0, ''),
(94197, 0, ''),
(94198, 0, ''),
(94199, 0, ''),
(94200, 0, ''),
(94201, 0, ''),
(94202, 0, ''),
(94203, 0, ''),
(94204, 0, ''),
(94205, 0, ''),
(94206, 0, ''),
(94207, 0, ''),
(94208, 0, ''),
(94209, 0, 'rvs.ventura@hotmail.com'),
(94210, 0, ''),
(94211, 0, ''),
(94212, 0, ''),
(94213, 0, ''),
(94214, 0, ''),
(94215, 0, ''),
(94216, 0, ''),
(94217, 0, ''),
(94218, 0, ''),
(94219, 0, ''),
(94220, 0, ''),
(94222, 0, 'cont.consulte@uol.com.br'),
(94223, 0, '????'),
(94224, 0, ''),
(94225, 0, ''),
(94226, 0, ''),
(94227, 0, ''),
(94228, 0, ''),
(94229, 0, ''),
(94230, 0, ''),
(94231, 0, 'consel@veloxmail.com.br'),
(94232, 0, ''),
(94234, 0, ''),
(94236, 0, ''),
(94237, 0, ''),
(94238, 0, 'vendas@vilamonge.com.br'),
(94239, 0, ''),
(94240, 0, ''),
(94241, 0, ''),
(94242, 0, ''),
(94243, 0, ''),
(94244, 0, ''),
(94245, 0, ''),
(94246, 0, ''),
(94247, 0, ''),
(94248, 0, ''),
(94249, 0, ''),
(94250, 0, ''),
(94251, 0, ''),
(94252, 0, 'mirian@citroenlaroche.com.br'),
(94253, 0, 'engecad505@gmail.com'),
(94254, 0, ''),
(94255, 0, ''),
(94256, 0, ''),
(94257, 0, ''),
(94258, 0, ''),
(94259, 0, ''),
(94260, 0, ''),
(94261, 0, ''),
(94262, 0, ''),
(94263, 0, ''),
(94264, 0, ''),
(94265, 0, ''),
(94266, 0, ''),
(94267, 0, ''),
(94268, 0, ''),
(94269, 0, ''),
(94270, 0, ''),
(94271, 0, ''),
(94272, 0, ''),
(94273, 0, 'marilzajunqueiraalves@gmail.com'),
(94274, 0, ''),
(94275, 0, ''),
(94276, 0, ''),
(94277, 0, ''),
(94278, 0, ''),
(94279, 0, ''),
(94280, 0, ''),
(94281, 0, ''),
(94282, 0, ''),
(94283, 0, ''),
(94284, 0, ''),
(94285, 0, ''),
(94286, 0, ''),
(94287, 0, 'maranconstrutora.ltda@gmail.co'),
(94288, 0, ''),
(94289, 0, 'ALESSANDRO.GONCALVES@GMAIL.COM'),
(94290, 0, ''),
(94291, 0, ''),
(94292, 0, ''),
(94293, 0, ''),
(94294, 0, ''),
(94295, 0, ''),
(94296, 0, ''),
(94297, 0, ''),
(94298, 0, ''),
(94299, 0, ''),
(94300, 0, ''),
(94301, 0, ''),
(94302, 0, ''),
(94303, 0, ''),
(94304, 0, ''),
(94305, 0, ''),
(94306, 0, 'juliana.oliveira@resolv.com.br'),
(94307, 0, ''),
(94308, 0, ''),
(94309, 0, ''),
(94310, 0, ''),
(94311, 0, ''),
(94312, 0, ''),
(94313, 0, ''),
(94314, 0, ''),
(94315, 0, ''),
(94316, 0, ''),
(94317, 0, ''),
(94318, 0, ''),
(94319, 0, ''),
(94320, 0, ''),
(94321, 0, ''),
(94322, 0, ''),
(94323, 0, ''),
(94324, 0, ''),
(94325, 0, ''),
(94326, 0, ''),
(94327, 0, ''),
(94328, 0, ''),
(94329, 0, ''),
(94330, 0, 'raquel.viana@sanches.com.br'),
(94331, 0, ''),
(94332, 0, ''),
(94333, 0, ''),
(94334, 0, ''),
(94335, 0, 'LEILAESTILO@HOTMAIL.COM'),
(94336, 0, ''),
(94337, 0, ''),
(94338, 0, ''),
(94339, 0, ''),
(94340, 0, 'ENGENHARIA.PROJETOS.278@GMAIL.COM'),
(94341, 0, ''),
(94342, 0, ''),
(94343, 0, 'CARLOSMCSP@HOTMAIL.COM'),
(94344, 0, ''),
(94345, 0, 'MIGUELCDS1@YAHOO.COM.BR'),
(94346, 0, ''),
(94347, 0, ''),
(94348, 0, ''),
(94349, 0, ''),
(94350, 0, 'RENATA.OLIVEIRA@RIOCLARENSE.CO'),
(94351, 0, ''),
(94352, 0, 'tsilva@bourboncoffees.com'),
(94352, 1, 'elaineramos@bourboncoffees.com'),
(94352, 2, 'thiago.almeida@bourboncoffees.com'),
(94353, 0, ''),
(94354, 0, ''),
(94355, 0, ''),
(94356, 0, '.'),
(94357, 0, 'JBREKALIO@YAHOO.COM'),
(94358, 0, ''),
(94359, 0, ''),
(94360, 0, ''),
(94361, 0, ''),
(94362, 0, ''),
(94363, 0, ''),
(94364, 0, ''),
(94365, 0, ''),
(94366, 0, ''),
(94367, 0, ''),
(94368, 0, ''),
(94369, 0, ''),
(94370, 0, ''),
(94371, 0, ''),
(94372, 0, ''),
(94373, 0, ''),
(94374, 0, 'francoffee.brasil@gmail.com'),
(94375, 0, ''),
(94376, 0, ''),
(94377, 0, ''),
(94378, 0, ''),
(94379, 0, ''),
(94380, 0, ''),
(94381, 0, ''),
(94382, 0, ''),
(94383, 0, ''),
(94384, 0, ''),
(94385, 0, ''),
(94386, 0, ''),
(94387, 0, ''),
(94388, 0, ''),
(94389, 0, ''),
(94390, 0, ''),
(94391, 0, ''),
(94392, 0, ''),
(94393, 0, ''),
(94394, 0, ''),
(94395, 0, ''),
(94396, 0, ''),
(94397, 0, ''),
(94398, 0, ''),
(94399, 0, ''),
(94400, 0, ''),
(94401, 0, ''),
(94402, 0, ''),
(94403, 0, ''),
(94404, 0, ''),
(94405, 0, ''),
(94406, 0, ''),
(94407, 0, ''),
(94408, 0, ''),
(94409, 0, ''),
(94410, 0, ''),
(94411, 0, ''),
(94412, 0, ''),
(94413, 0, ''),
(94414, 0, ''),
(94415, 0, ''),
(94416, 0, ''),
(94417, 0, ''),
(94418, 0, ''),
(94419, 0, ''),
(94420, 0, ''),
(94421, 0, ''),
(94422, 0, ''),
(94423, 0, '.'),
(94424, 0, ''),
(94425, 0, ''),
(94426, 0, ''),
(94427, 0, ''),
(94428, 0, 'ana.mr.azevedo@gmail.com'),
(94429, 0, ''),
(94430, 0, 'francoelagoinstalacaoeletrica@gmail.com'),
(94431, 0, 'andreia.pereira@postopampa'),
(94432, 0, ''),
(94433, 0, ''),
(94434, 0, 'vandoconsolini@hotmail.com'),
(94435, 0, ''),
(94436, 0, ''),
(94437, 0, 'transsantarita@bol.com.br'),
(94438, 0, 'madenconstrutora@yahoo.com.br'),
(94439, 0, 'WN4A@OUTLOOK.COM'),
(94440, 0, 'ismeria295@gmail.com'),
(94441, 0, 'alessandrads1@yahho.com.br'),
(94442, 0, ''),
(94444, 0, 'adinan@agenciacervantes.com'),
(94445, 0, ''),
(94446, 0, 'evandro_anselmo@hotmail.com'),
(94447, 0, 'supervisao.angosengenharia@gmail.com'),
(94448, 0, ''),
(94449, 0, 'idu.guilherme@gmail.com'),
(94451, 0, 'marcelo@ethosadm.com.br'),
(94453, 0, ''),
(94454, 0, ''),
(94455, 0, ''),
(94456, 0, ''),
(94457, 0, ''),
(94458, 0, 'kajanycesar@gmail.com'),
(94459, 0, 'scallberi@hotmail.com'),
(94460, 0, ''),
(94461, 0, ''),
(94462, 0, 'vanconti@hotmail.com'),
(94463, 0, ''),
(94464, 0, 's.rural.divinolandia@bol.com.br'),
(94465, 0, 'contato@coalengenharia.com.br'),
(94466, 0, ''),
(94467, 0, 'credito@institutodonato.com.br'),
(94468, 0, 'cafepocos@cafepocos.com.br'),
(94469, 0, ''),
(94470, 0, ''),
(94471, 0, '0514.antonior.costa@bradesco.com.br'),
(94472, 0, ''),
(94473, 0, ''),
(94474, 0, 'leholiveira550@gmail.com'),
(94475, 0, ''),
(94476, 0, ''),
(94477, 0, ''),
(94478, 0, '');

-- --------------------------------------------------------

--
-- Estrutura da tabela `configurar_site`
--

CREATE TABLE `configurar_site` (
  `id_configurar_site` int(11) NOT NULL,
  `titulo_configurar_site` varchar(100) NOT NULL,
  `titulo_menu_configurar_site` varchar(100) DEFAULT NULL,
  `cor_pagina_configurar_site` varchar(100) NOT NULL,
  `contra_cor_pagina_configurar_site` varchar(100) NOT NULL,
  `imagem_icone_configurar_site` varchar(100) NOT NULL,
  `imagem_logo_configurar_site` varchar(100) NOT NULL,
  `bem_vindo_configurar_site` varchar(100) DEFAULT NULL,
  `data_atualizacao_configurar_site` datetime DEFAULT CURRENT_TIMESTAMP ON UPDATE CURRENT_TIMESTAMP,
  `bool_ativo_configurar_site` int(1) NOT NULL DEFAULT '1'
) ENGINE=InnoDB DEFAULT CHARSET=latin1;

--
-- Extraindo dados da tabela `configurar_site`
--

INSERT INTO `configurar_site` (`id_configurar_site`, `titulo_configurar_site`, `titulo_menu_configurar_site`, `cor_pagina_configurar_site`, `contra_cor_pagina_configurar_site`, `imagem_icone_configurar_site`, `imagem_logo_configurar_site`, `bem_vindo_configurar_site`, `data_atualizacao_configurar_site`, `bool_ativo_configurar_site`) VALUES
(1, 'CaféPoços', 'CaféPoços', '#00aa6a;', '#fff;', 'Logo_cafe_pocos.png', 'Logotipo.JPG', 'Bem Vindo a Café Poços!', '2018-01-13 10:04:39', 1);

-- --------------------------------------------------------

--
-- Estrutura da tabela `contato`
--

CREATE TABLE `contato` (
  `id_contato` int(11) NOT NULL,
  `nome_contato` varchar(200) NOT NULL,
  `email_contato` varchar(200) DEFAULT NULL,
  `telefone_contato` varchar(200) DEFAULT NULL,
  `assunto_contato` varchar(200) DEFAULT NULL,
  `mensagem_contato` text,
  `usuario_id` int(11) NOT NULL,
  `data_atualizacao_contato` datetime NOT NULL DEFAULT CURRENT_TIMESTAMP ON UPDATE CURRENT_TIMESTAMP,
  `bool_ativo_contato` int(1) NOT NULL DEFAULT '1'
) ENGINE=InnoDB DEFAULT CHARSET=latin1;

--
-- Extraindo dados da tabela `contato`
--

INSERT INTO `contato` (`id_contato`, `nome_contato`, `email_contato`, `telefone_contato`, `assunto_contato`, `mensagem_contato`, `usuario_id`, `data_atualizacao_contato`, `bool_ativo_contato`) VALUES
(1, 'Teste Jack', 'teste@teste.teste', '9999-9999', 'Formulario de Contato - Site CaféPoços', 'Teste', 3, '2018-01-13 09:55:11', 1);

-- --------------------------------------------------------

--
-- Estrutura da tabela `destaque_grupo`
--

CREATE TABLE `destaque_grupo` (
  `id_destaque_grupo` int(11) NOT NULL,
  `titulo_destaque_grupo` varchar(100) NOT NULL,
  `grupo_id` int(11) NOT NULL,
  `imagem_destaque_grupo` varchar(100) NOT NULL,
  `descricao_destaque_grupo` varchar(300) DEFAULT NULL,
  `configurar_site_id` int(11) NOT NULL,
  `data_atualizacao_destaque_grupo` datetime DEFAULT CURRENT_TIMESTAMP ON UPDATE CURRENT_TIMESTAMP,
  `bool_ativo_destaque_grupo` int(1) NOT NULL
) ENGINE=InnoDB DEFAULT CHARSET=latin1;

--
-- Extraindo dados da tabela `destaque_grupo`
--

INSERT INTO `destaque_grupo` (`id_destaque_grupo`, `titulo_destaque_grupo`, `grupo_id`, `imagem_destaque_grupo`, `descricao_destaque_grupo`, `configurar_site_id`, `data_atualizacao_destaque_grupo`, `bool_ativo_destaque_grupo`) VALUES
(1, 'Cabos Atox', 2, 'cabo.jpg', '', 1, '2018-01-12 14:23:10', 0),
(2, 'Luminária Pública', 8, 'luminarias.png', '', 1, '2018-01-12 14:22:49', 0),
(3, 'Chaves e Fusíveis', 4, 'fusiveis.jpg', '', 1, '2018-01-12 14:22:47', 0),
(4, 'Canaletas e Acessórios', 3, 'fundo3.jpg', '', 1, '2018-01-05 14:32:56', 0);

-- --------------------------------------------------------

--
-- Estrutura da tabela `empresa`
--

CREATE TABLE `empresa` (
  `id_empresa` int(11) NOT NULL,
  `descricao_empresa` varchar(200) NOT NULL,
  `imagem_logo_empresa` varchar(200) NOT NULL,
  `data_atualizacao_empresa` datetime NOT NULL DEFAULT CURRENT_TIMESTAMP ON UPDATE CURRENT_TIMESTAMP,
  `usuario_id` int(11) NOT NULL,
  `bool_ativo_empresa` int(1) NOT NULL DEFAULT '1'
) ENGINE=InnoDB DEFAULT CHARSET=latin1;

--
-- Extraindo dados da tabela `empresa`
--

INSERT INTO `empresa` (`id_empresa`, `descricao_empresa`, `imagem_logo_empresa`, `data_atualizacao_empresa`, `usuario_id`, `bool_ativo_empresa`) VALUES
(1, 'COOP. REG. DOS CAFEICULTORES DE POÇOS DE CALDAS', 'LogotipoOrignal.JPG', '2018-01-19 09:27:38', 1, 1);

-- --------------------------------------------------------

--
-- Estrutura da tabela `endereco_site`
--

CREATE TABLE `endereco_site` (
  `id_endereco_site` int(11) NOT NULL,
  `descricao_endereco_site` varchar(100) NOT NULL,
  `endereco_endereco_site` varchar(100) NOT NULL,
  `numero_endereco_site` int(11) NOT NULL,
  `complemento_endereco_site` varchar(100) DEFAULT NULL,
  `bairro_endereco_site` varchar(100) DEFAULT NULL,
  `cidade_endereco_site` varchar(100) NOT NULL,
  `estado_id` int(11) NOT NULL,
  `cep_endereco_site` varchar(15) NOT NULL,
  `telefone_endereco_site` varchar(50) NOT NULL,
  `celular_endereco_site` varchar(50) DEFAULT NULL,
  `email_endereco_site` varchar(100) DEFAULT NULL,
  `horario_funcionamento_endereco_site` text,
  `latitude_endereco_site` varchar(100) NOT NULL,
  `longitude_endereco_site` varchar(100) NOT NULL,
  `configurar_site_id` int(11) NOT NULL,
  `data_atualizacao_endereco_site` datetime DEFAULT CURRENT_TIMESTAMP ON UPDATE CURRENT_TIMESTAMP,
  `bool_ativo_endereco_site` int(1) NOT NULL DEFAULT '1'
) ENGINE=InnoDB DEFAULT CHARSET=latin1;

--
-- Extraindo dados da tabela `endereco_site`
--

INSERT INTO `endereco_site` (`id_endereco_site`, `descricao_endereco_site`, `endereco_endereco_site`, `numero_endereco_site`, `complemento_endereco_site`, `bairro_endereco_site`, `cidade_endereco_site`, `estado_id`, `cep_endereco_site`, `telefone_endereco_site`, `celular_endereco_site`, `email_endereco_site`, `horario_funcionamento_endereco_site`, `latitude_endereco_site`, `longitude_endereco_site`, `configurar_site_id`, `data_atualizacao_endereco_site`, `bool_ativo_endereco_site`) VALUES
(1, 'R. Pedro Bertozi n° 8', ' Av. João Pinheiro', 757, '', 'Centro', 'Poços de Caldas', 13, '37701-386', '(35) 3722-1250 ', '', 'camara@cafepocos.com.br', '', '-21.785929', '-46.5800446', 1, '2018-01-19 17:56:22', 1);

-- --------------------------------------------------------

--
-- Estrutura da tabela `estado`
--

CREATE TABLE `estado` (
  `id_estado` int(11) NOT NULL,
  `descricao_estado` varchar(100) NOT NULL,
  `sigla_estado` char(2) NOT NULL,
  `bool_ativo_estado` int(1) NOT NULL DEFAULT '1'
) ENGINE=InnoDB DEFAULT CHARSET=latin1;

--
-- Extraindo dados da tabela `estado`
--

INSERT INTO `estado` (`id_estado`, `descricao_estado`, `sigla_estado`, `bool_ativo_estado`) VALUES
(1, 'Acre', 'AC', 1),
(2, 'Alagoas', 'AL', 1),
(3, 'Amapá', 'AP', 1),
(4, 'Amazonas', 'AM', 1),
(5, 'Bahia', 'BA', 1),
(6, 'Ceará', 'CE', 1),
(7, 'Distrito Federal', 'DF', 1),
(8, 'Espírito Santo', 'ES', 1),
(9, 'Goiás', 'GO', 1),
(10, 'Maranhão', 'MA', 1),
(11, 'Mato Grosso', 'MT', 1),
(12, 'Mato Grosso do Sul', 'MS', 1),
(13, 'Minas Gerais', 'MG', 1),
(14, 'Pará', 'PA', 1),
(15, 'Paraíba', 'PB', 1),
(16, 'Paraná', 'PR', 1),
(17, 'Pernambuco', 'PE', 1),
(18, 'Piauí', 'PI', 1),
(19, 'Rio de Janeiro', 'RJ', 1),
(20, 'Rio Grande do Norte', 'RN', 1),
(21, 'Rio Grande do Sul', 'RS', 1),
(22, 'Rondônia', 'RO', 1),
(23, 'Roraima', 'RR', 1),
(24, 'Santa Catarina', 'SC', 1),
(25, 'São Paulo', 'SP', 1),
(26, 'Sergipe', 'SE', 1),
(27, 'Tocantins', 'TO', 1);

-- --------------------------------------------------------

--
-- Estrutura da tabela `grupo`
--

CREATE TABLE `grupo` (
  `id_grupo` int(11) NOT NULL,
  `descricao_grupo` char(50) NOT NULL,
  `data_atualizacao_grupo` datetime NOT NULL DEFAULT CURRENT_TIMESTAMP ON UPDATE CURRENT_TIMESTAMP,
  `usuario_id` int(11) DEFAULT NULL,
  `bool_ativo_grupo` int(1) NOT NULL DEFAULT '1'
) ENGINE=InnoDB DEFAULT CHARSET=utf8;

--
-- Extraindo dados da tabela `grupo`
--

INSERT INTO `grupo` (`id_grupo`, `descricao_grupo`, `data_atualizacao_grupo`, `usuario_id`, `bool_ativo_grupo`) VALUES
(1, 'Automação e Controle', '2017-12-29 00:00:00', 1, 1),
(2, 'Cabos Atox', '2017-12-29 00:00:00', 1, 1),
(3, 'Canaletas e Acessórios', '2017-12-22 10:01:36', 1, 1),
(4, 'Chaves e Fusíveis', '2017-12-22 10:01:36', 1, 1),
(5, 'Conduletes e Caixas', '2017-12-22 10:01:36', 1, 1),
(6, 'Disjuntores', '2017-12-29 00:00:00', 1, 1),
(7, 'Eletrocalhas', '2017-12-29 00:00:00', 1, 1),
(8, 'Luminária Pública', '2017-12-29 00:00:00', 1, 1),
(9, 'Para-raio e Acessórios para Aterramento', '2017-12-22 10:01:36', 1, 1),
(10, 'Quadros de Comando', '2017-12-29 00:00:00', 1, 1),
(11, 'Teleinformática e Telefonia', '2017-12-22 10:01:36', 1, 1),
(12, 'Terminais', '2017-12-29 00:00:00', 1, 1);

-- --------------------------------------------------------

--
-- Estrutura da tabela `item`
--

CREATE TABLE `item` (
  `id_item` int(11) NOT NULL,
  `descricao_item` varchar(300) NOT NULL,
  `descricao_site_item` varchar(300) DEFAULT NULL,
  `unidade_medida_item` varchar(3) DEFAULT NULL,
  `imagem_item` varchar(200) NOT NULL,
  `grupo_id` int(11) DEFAULT NULL,
  `usuario_id` int(11) NOT NULL,
  `bool_ativo_item` int(1) NOT NULL DEFAULT '1'
) ENGINE=InnoDB DEFAULT CHARSET=utf8;

--
-- Extraindo dados da tabela `item`
--

INSERT INTO `item` (`id_item`, `descricao_item`, `descricao_site_item`, `unidade_medida_item`, `imagem_item`, `grupo_id`, `usuario_id`, `bool_ativo_item`) VALUES
(1, 'teste', 'teste', 'UN', 'Logotipo.jpg', 4, 1, 0),
(2, 'Cabos Atox', '', 'UN', 'cabo.jpg', 2, 1, 1),
(3, 'Chaves e Fusíveis', '', 'UN', 'fusiveis.jpg', 4, 1, 1),
(4, 'Luminária Pública', '', 'UN', 'luminarias.png', 8, 1, 1),
(5, 'Botões', 'Para seus projetos com tomadas de decisão entre outros', 'UN', 'botoes.jpg', 1, 1, 1),
(6, 'Chave Comutadora', '', 'UN', 'chave-comutadora.jpg', 1, 1, 1),
(7, 'Contator', 'Contator', 'UN', 'contator.jpg', 1, 1, 1),
(8, 'Contator', '', 'UN', 'contator.jpg', 7, 1, 1),
(9, 'Cabo Atox', '', 'MT', 'cabo-atox.jpg', 2, 1, 1);

-- --------------------------------------------------------

--
-- Estrutura da tabela `loja`
--

CREATE TABLE `loja` (
  `id_loja` int(11) NOT NULL,
  `titulo_loja` varchar(100) NOT NULL,
  `descricao_loja` varchar(100) DEFAULT NULL,
  `imagem_loja` varchar(100) DEFAULT NULL,
  `configurar_site_id` int(11) NOT NULL,
  `data_atualizacao_loja` datetime DEFAULT CURRENT_TIMESTAMP ON UPDATE CURRENT_TIMESTAMP,
  `bool_ativo_loja` int(1) NOT NULL DEFAULT '1'
) ENGINE=InnoDB DEFAULT CHARSET=latin1;

--
-- Extraindo dados da tabela `loja`
--

INSERT INTO `loja` (`id_loja`, `titulo_loja`, `descricao_loja`, `imagem_loja`, `configurar_site_id`, `data_atualizacao_loja`, `bool_ativo_loja`) VALUES
(1, 'A 60 anos armazenando seu café com a qualidade que só a CaféPoços possui!', '', '60.jpg', 1, '2018-01-12 15:42:43', 1);

-- --------------------------------------------------------

--
-- Estrutura da tabela `posicao_cafe`
--

CREATE TABLE `posicao_cafe` (
  `id_posicao_cafe` int(11) NOT NULL,
  `cliente` int(11) NOT NULL,
  `fazenda` varchar(200) DEFAULT NULL,
  `cidade` varchar(200) DEFAULT NULL,
  `insc_est` varchar(200) DEFAULT NULL,
  `safra` varchar(50) DEFAULT NULL,
  `lote` varchar(100) DEFAULT NULL,
  `lote_cliente` varchar(100) DEFAULT NULL,
  `entrada` datetime DEFAULT NULL,
  `nfe_fiscal` varchar(10) DEFAULT NULL,
  `padrao` varchar(200) DEFAULT NULL,
  `preparo` varchar(50) DEFAULT NULL,
  `kilos` float DEFAULT NULL,
  `sacas` float DEFAULT NULL,
  `per_umi` float DEFAULT NULL,
  `per_imp` float DEFAULT NULL,
  `per_cat` float DEFAULT NULL,
  `per_def` float DEFAULT NULL,
  `cert` varchar(200) DEFAULT NULL,
  `data_atualizacao` datetime NOT NULL DEFAULT CURRENT_TIMESTAMP ON UPDATE CURRENT_TIMESTAMP
) ENGINE=InnoDB DEFAULT CHARSET=latin1;

--
-- Extraindo dados da tabela `posicao_cafe`
--

INSERT INTO `posicao_cafe` (`id_posicao_cafe`, `cliente`, `fazenda`, `cidade`, `insc_est`, `safra`, `lote`, `lote_cliente`, `entrada`, `nfe_fiscal`, `padrao`, `preparo`, `kilos`, `sacas`, `per_umi`, `per_imp`, `per_cat`, `per_def`, `cert`, `data_atualizacao`) VALUES
(1, 1, 'teste', 'teste', 'teste', '2013', 'teste', 'teste', '2018-01-19 00:00:00', '123', NULL, NULL, 13, 13, 2, 1, 1, 1, NULL, '2018-01-19 17:32:46'),
(2, 1, 'teste', 'teste', 'teste', '2013', 'teste', 'teste', '2018-01-18 00:00:00', '53445', NULL, NULL, 14, 41, 1, 1, 1, NULL, NULL, '2018-01-19 17:32:46'),
(3, 1, 'teste', 'teste', 'teste', '2014', 'teste', 'teste', '2018-01-25 00:00:00', '45678', NULL, NULL, 32, 12, NULL, NULL, NULL, NULL, NULL, '2018-01-19 17:32:46'),
(4, 1, 'teste2', 'teste', 'teste', '2014', 'teste', 'teste', '2018-01-18 00:00:00', '123432', NULL, NULL, 53, 43, NULL, NULL, NULL, NULL, NULL, '2018-01-19 17:32:46'),
(5, 1, 'teste2', 'teste', 'teste', '2012', 'teste', 'teste', '2018-01-24 00:00:00', '123', NULL, NULL, 312, 2, NULL, NULL, NULL, NULL, NULL, '2018-01-19 17:32:46'),
(6, 94352, '-', NULL, NULL, '2013/2014', '059209-1 -P', NULL, '2016-12-14 00:00:00', '002497', NULL, '17/19', 1980, 33, NULL, NULL, NULL, NULL, NULL, '2018-01-22 15:30:47'),
(7, 94352, '-', NULL, NULL, '2013/2014', '059305-1 -P', '', '2017-01-31 00:00:00', '002541', NULL, 'SLD EMB', 150.3, 2.51, NULL, 0, NULL, NULL, NULL, '2018-01-22 15:30:47'),
(8, 94352, '-', NULL, NULL, '2013/2014', '059306-2 -P', NULL, '2017-02-01 00:00:00', '002542', NULL, 'SLD LIG', 40, 0.67, NULL, 0, NULL, NULL, NULL, '2018-01-22 15:30:47'),
(9, 94352, '-', NULL, NULL, '2016/2017', '058788-5 -P', '58237-A', '2016-09-21 00:00:00', '200030', NULL, 'B/C', 300, 5, 0, 0, NULL, NULL, NULL, '2018-01-22 15:30:47'),
(10, 94352, '-', NULL, NULL, '2016/2017', '059158-A-P', '59153-A', '2016-12-01 00:00:00', '931182', NULL, 'B/C', 240, 4, 0, 0, NULL, NULL, NULL, '2018-01-22 15:30:47');

-- --------------------------------------------------------

--
-- Estrutura da tabela `quem_somos`
--

CREATE TABLE `quem_somos` (
  `id_quem_somos` int(11) NOT NULL,
  `titulo_quem_somos` varchar(200) NOT NULL,
  `descricao_quem_somos` text NOT NULL,
  `imagem_quem_somos` varchar(100) NOT NULL,
  `data_atualizacao_quem_somos` datetime NOT NULL DEFAULT CURRENT_TIMESTAMP ON UPDATE CURRENT_TIMESTAMP,
  `bool_ativo_quem_somos` int(1) NOT NULL DEFAULT '1'
) ENGINE=InnoDB DEFAULT CHARSET=latin1;

--
-- Extraindo dados da tabela `quem_somos`
--

INSERT INTO `quem_somos` (`id_quem_somos`, `titulo_quem_somos`, `descricao_quem_somos`, `imagem_quem_somos`, `data_atualizacao_quem_somos`, `bool_ativo_quem_somos`) VALUES
(1, 'Sobre a Café Poços', '<br><br>\nFUNDAÇÃO:<br>\nNos idos de 1959. quando a cafeicultura vivia uma fase muito crítica e os cafeicultores isolados. sem representatividade política. dependiam da intermediação de terceiros para a venda de seus produtos. sofrendo assim. total domínio por parte do comércio. As dificuldades daquele momento. fez com que os produtores se reunissem. concluindo que a melhor idéia seria criar uma organização cooperativista capaz de eliminar ou minimizar os problemas de todos. Onde a pessoa humana fosse respeitada e desde que a organização fosse capaz de orienta-los e engrandece-los. dentro de um sistema de maior justiça social. Este movimento. da cafeicultura. iniciado em Ribeirão Preto-SP. por ser. na época. o pólo cafeeiro mais importante do país. rapidamente difundiu-se nas regiões produtoras. Em POÇOS DE CALDAS. o movimento evoluiu e. em 20 DE JULHO DE 1.959. às 10:00 horas. produtores mineiros e paulistas. reunidos na sede da Associação Comercial de Poços de Caldas. fundaram a COOPERATIVA REGIONAL DOS CAFEICULTORES DE POÇOS DE CALDAS. com a sigla CAFÉPOÇOS. liderada pelos cafeicultores Joaquim Bernardes de Carvalho Dias. Ronaldo Loyolla Junqueira e Suelly Evandro Amarante. respectivamente Diretor Presidente. Diretor Gerente e Diretor Secretário. e pelos primeiros Conselheiros Administrativos. senhores Hermínio Lopes da Silva. José Affonso Junqueira de Barros Cobra. Manoel Ignácio Junqueira e Sebastião Ozório dos Reis. \n<br><br><br>\n\nÁREA DE AÇÃO INICIAL:<br>\nNaquela época. a área de ação para admissão de associados limitava-se aos municípios de Poços de Caldas. Andradas. Botelhos. Cabo Verde. Campestre. Guaranésia e Machado em Minas Gerais. mais os de Águas da Prata. Caconde. Divinolândia e São Sebastião da Grama. do estado de São Paulo. \n<br><br><br>\n\nFUNDADORES:<br>\nOs fundadores da Cooperativa foram 81 produtores. de Minas Gerais e de São Paulo. \n\n<br><br><br>\nTERRENO PRÓPRIO NA FUNDAÇÃO:<br>\nTerreno de 7.660 m2. Nossa História', '2.jpg', '2018-01-20 09:52:29', 1);

-- --------------------------------------------------------

--
-- Estrutura da tabela `relatorios`
--

CREATE TABLE `relatorios` (
  `id_relatorios` int(11) NOT NULL,
  `descricao_relatorios` varchar(200) NOT NULL,
  `tabela_relatorios` varchar(200) NOT NULL,
  `colunas_relatorios` text NOT NULL,
  `colunas_estrangeiras_relatorios` text NOT NULL,
  `bool_filtro_ativo_relatorios` int(1) NOT NULL DEFAULT '1',
  `data_atualizacao_relatorios` datetime NOT NULL DEFAULT CURRENT_TIMESTAMP ON UPDATE CURRENT_TIMESTAMP,
  `usuario_id` int(11) NOT NULL,
  `bool_emitir_relatorios` int(1) NOT NULL DEFAULT '0',
  `bool_ativo_relatorios` int(1) NOT NULL DEFAULT '1'
) ENGINE=InnoDB DEFAULT CHARSET=latin1;

--
-- Extraindo dados da tabela `relatorios`
--

INSERT INTO `relatorios` (`id_relatorios`, `descricao_relatorios`, `tabela_relatorios`, `colunas_relatorios`, `colunas_estrangeiras_relatorios`, `bool_filtro_ativo_relatorios`, `data_atualizacao_relatorios`, `usuario_id`, `bool_emitir_relatorios`, `bool_ativo_relatorios`) VALUES
(4, 'Relatorio de Link de Videos do YouTube', 'videos', 'descricao_videos+link_videos+data_atualizacao_videos', '', 1, '2018-01-19 16:03:00', 1, 0, 1),
(5, 'Relatório de Estados', 'estado', 'descricao_estado+sigla_estado', '', 1, '2018-01-18 17:28:59', 1, 0, 1),
(7, 'Relatório de Clientes', 'cliefornec', 'CPF_CGC+RAZAOSOCIAL', '', 1, '2018-01-19 16:27:36', 1, 0, 1),
(8, 'Relatorio de Contatos', 'contato', 'nome_contato+email_contato+telefone_contato', '', 1, '2018-01-22 17:21:18', 1, 0, 1),
(18, 'teste', 'teste_grade', 'descricao_teste_grade', 'teste_grade_tr_teste_tr_descricao_teste', 1, '2018-01-22 17:19:15', 1, 0, 1),
(19, 'Teste 2', 'teste_grade', 'descricao_teste_grade', 'teste_grade_tr_teste_tr_descricao_teste+teste_grade_tr_usuario_tr_nome_usuario+teste_grade_tr_usuario_tr_login_usuario', 1, '2018-01-22 17:29:11', 1, 0, 1);

-- --------------------------------------------------------

--
-- Estrutura da tabela `relatorio_tabela`
--

CREATE TABLE `relatorio_tabela` (
  `id_relatorio_tabela` int(11) NOT NULL,
  `descricao_relatorio_tabela` varchar(200) NOT NULL,
  `data_atualizacao_relatorio_tabela` datetime NOT NULL DEFAULT CURRENT_TIMESTAMP ON UPDATE CURRENT_TIMESTAMP,
  `bool_ativo_relatorio_tabela` int(1) NOT NULL DEFAULT '1'
) ENGINE=InnoDB DEFAULT CHARSET=latin1;

--
-- Extraindo dados da tabela `relatorio_tabela`
--

INSERT INTO `relatorio_tabela` (`id_relatorio_tabela`, `descricao_relatorio_tabela`, `data_atualizacao_relatorio_tabela`, `bool_ativo_relatorio_tabela`) VALUES
(1, 'cliefornec', '2018-01-22 10:05:55', 1),
(2, 'contato', '2018-01-22 10:05:55', 1),
(3, 'teste_grade', '2018-01-22 10:05:55', 1),
(4, 'videos', '2018-01-22 10:05:55', 1);

-- --------------------------------------------------------

--
-- Estrutura da tabela `saiba_mais`
--

CREATE TABLE `saiba_mais` (
  `id_saiba_mais` int(11) NOT NULL,
  `descricao_saiba_mais` varchar(200) NOT NULL,
  `usuario_id` int(11) NOT NULL,
  `data_atualizacao_saiba_mais` datetime NOT NULL DEFAULT CURRENT_TIMESTAMP ON UPDATE CURRENT_TIMESTAMP,
  `bool_ativo_saiba_mais` int(1) NOT NULL DEFAULT '1'
) ENGINE=InnoDB DEFAULT CHARSET=latin1;

--
-- Extraindo dados da tabela `saiba_mais`
--

INSERT INTO `saiba_mais` (`id_saiba_mais`, `descricao_saiba_mais`, `usuario_id`, `data_atualizacao_saiba_mais`, `bool_ativo_saiba_mais`) VALUES
(1, 'Saiba Mais Sobre a CaféPoços!', 1, '2018-01-13 09:49:25', 1);

-- --------------------------------------------------------

--
-- Estrutura da tabela `site`
--

CREATE TABLE `site` (
  `ID_SITE` int(11) NOT NULL,
  `NOME_EMPRESA` varchar(100) DEFAULT NULL,
  `NOME_CIDADE` varchar(100) DEFAULT NULL,
  `ESTADO` char(2) DEFAULT NULL,
  `FONE` varchar(14) DEFAULT NULL,
  `FONE_APP` varchar(14) DEFAULT NULL,
  `EMAIL` varchar(100) DEFAULT NULL,
  `sendusername` varchar(255) DEFAULT NULL,
  `sendpassword` varchar(255) DEFAULT NULL,
  `smtpserver` varchar(255) DEFAULT NULL,
  `smtpserverport` int(11) DEFAULT NULL,
  `MailFrom` varchar(255) DEFAULT NULL,
  `MailTo` varchar(255) DEFAULT NULL,
  `MailCc` varchar(255) DEFAULT NULL,
  `bool_ativo_site` int(1) DEFAULT '1'
) ENGINE=InnoDB DEFAULT CHARSET=utf8;

--
-- Extraindo dados da tabela `site`
--

INSERT INTO `site` (`ID_SITE`, `NOME_EMPRESA`, `NOME_CIDADE`, `ESTADO`, `FONE`, `FONE_APP`, `EMAIL`, `sendusername`, `sendpassword`, `smtpserver`, `smtpserverport`, `MailFrom`, `MailTo`, `MailCc`, `bool_ativo_site`) VALUES
(1, 'CaféPoços', 'Poços de Caldas', 'MG', '(35) 3722-1250', '', 'cdi@cdiinfo.com.br', 'thiago@cdiinfo.com.br', 'Cdidesenv03@', 'mail.cdiinfo.com.br', 465, 'thiago@cdiinfo.com.br', 'thiago.cdi@Hotmail.com', 'cdiinfo.suporte@gmail.com', 1);

-- --------------------------------------------------------

--
-- Estrutura da tabela `slide_show`
--

CREATE TABLE `slide_show` (
  `id_slide_show` int(11) NOT NULL,
  `titulo_slide_show` varchar(100) DEFAULT NULL,
  `descricao_slide_show` varchar(200) DEFAULT NULL,
  `imagem_slide_show` varchar(100) NOT NULL,
  `configurar_site_id` int(11) NOT NULL,
  `data_atualizacao_slide_show` datetime DEFAULT CURRENT_TIMESTAMP ON UPDATE CURRENT_TIMESTAMP,
  `bool_ativo_slide_show` int(1) NOT NULL DEFAULT '1'
) ENGINE=InnoDB DEFAULT CHARSET=latin1;

--
-- Extraindo dados da tabela `slide_show`
--

INSERT INTO `slide_show` (`id_slide_show`, `titulo_slide_show`, `descricao_slide_show`, `imagem_slide_show`, `configurar_site_id`, `data_atualizacao_slide_show`, `bool_ativo_slide_show`) VALUES
(1, 'ARMAZENAMENTO', 'Aqui você deposita seu café e a sua confiança! Seu café muito bem protegido e armazenado.', 'fundo1.jpeg', 1, '2018-01-12 15:31:06', 1),
(2, 'CERTIFICAÇÕES', 'Nossos cafés possuem as melhores certificações internacionais.', 'fundo2.jpg', 1, '2018-01-12 15:31:32', 1),
(3, 'SUSTENTABILIDADE', 'Sustentabilidade. proteção ambiental e responsabilidade social', 'fundo3.jpg', 1, '2018-01-12 15:36:08', 1),
(4, 'Teste', 'teste', 'loja.png', 1, '2018-01-05 14:34:57', 0);

-- --------------------------------------------------------

--
-- Estrutura da tabela `teste`
--

CREATE TABLE `teste` (
  `id_teste` int(11) NOT NULL,
  `descricao_teste` varchar(200) NOT NULL,
  `data_atualizacao_teste` datetime NOT NULL DEFAULT CURRENT_TIMESTAMP ON UPDATE CURRENT_TIMESTAMP,
  `usuario_id` int(11) NOT NULL,
  `bool_ativo_teste` int(11) NOT NULL DEFAULT '1'
) ENGINE=InnoDB DEFAULT CHARSET=latin1;

--
-- Extraindo dados da tabela `teste`
--

INSERT INTO `teste` (`id_teste`, `descricao_teste`, `data_atualizacao_teste`, `usuario_id`, `bool_ativo_teste`) VALUES
(1, 'teste', '2018-01-22 10:07:17', 1, 1),
(2, 'Teste 2', '2018-01-22 10:16:00', 1, 1),
(3, 'Teste 3', '2018-01-22 10:16:05', 1, 1),
(4, 'Teste 4', '2018-01-22 10:16:10', 1, 1);

-- --------------------------------------------------------

--
-- Estrutura da tabela `teste_grade`
--

CREATE TABLE `teste_grade` (
  `id_teste_grade` int(11) NOT NULL,
  `descricao_teste_grade` varchar(200) NOT NULL,
  `teste_id` int(200) NOT NULL,
  `data_atualizacao_teste_grade` datetime NOT NULL DEFAULT CURRENT_TIMESTAMP ON UPDATE CURRENT_TIMESTAMP,
  `usuario_id` int(11) NOT NULL,
  `bool_ativo_teste_grade` int(11) NOT NULL DEFAULT '1'
) ENGINE=InnoDB DEFAULT CHARSET=latin1;

--
-- Extraindo dados da tabela `teste_grade`
--

INSERT INTO `teste_grade` (`id_teste_grade`, `descricao_teste_grade`, `teste_id`, `data_atualizacao_teste_grade`, `usuario_id`, `bool_ativo_teste_grade`) VALUES
(1, 'teste', 1, '2018-01-22 10:07:24', 1, 1),
(2, 'teste 2', 1, '2018-01-22 10:08:23', 1, 1),
(3, 'Teste grade 2', 2, '2018-01-22 10:17:20', 1, 1);

-- --------------------------------------------------------

--
-- Estrutura da tabela `topicos_loja`
--

CREATE TABLE `topicos_loja` (
  `id_topicos_loja` int(11) NOT NULL,
  `titulo_topicos_loja` varchar(100) NOT NULL,
  `descricao_topicos_loja` varchar(100) NOT NULL,
  `loja_id` int(11) NOT NULL,
  `data_atualizacao_topicos_loja` datetime NOT NULL DEFAULT CURRENT_TIMESTAMP ON UPDATE CURRENT_TIMESTAMP,
  `bool_ativo_topicos_loja` int(1) NOT NULL DEFAULT '1'
) ENGINE=InnoDB DEFAULT CHARSET=latin1;

--
-- Extraindo dados da tabela `topicos_loja`
--

INSERT INTO `topicos_loja` (`id_topicos_loja`, `titulo_topicos_loja`, `descricao_topicos_loja`, `loja_id`, `data_atualizacao_topicos_loja`, `bool_ativo_topicos_loja`) VALUES
(1, 'Endereço', 'Av. João Pinheiro. 757. Poços de Caldas. MG', 1, '2018-01-12 15:42:48', 0),
(2, 'Telefone', '(35) 3722-1250 ', 1, '2018-01-12 15:42:51', 0),
(3, 'Horário', 'Segunda - Sexta · 07:30–18:00', 1, '2018-01-12 14:13:32', 0),
(4, 'E-mail', 'camara@cafepocos.com.br', 1, '2018-01-12 15:42:53', 0);

-- --------------------------------------------------------

--
-- Estrutura da tabela `upload_arq`
--

CREATE TABLE `upload_arq` (
  `id_upload_arq` int(11) NOT NULL,
  `descricao_upload_arq` varchar(100) NOT NULL,
  `tipo_upload_arq` varchar(100) NOT NULL,
  `data_atualizacaoupload_arq` datetime NOT NULL DEFAULT CURRENT_TIMESTAMP ON UPDATE CURRENT_TIMESTAMP,
  `bool_ativo_upload_arq` int(1) NOT NULL DEFAULT '1'
) ENGINE=InnoDB DEFAULT CHARSET=latin1;

--
-- Extraindo dados da tabela `upload_arq`
--

INSERT INTO `upload_arq` (`id_upload_arq`, `descricao_upload_arq`, `tipo_upload_arq`, `data_atualizacaoupload_arq`, `bool_ativo_upload_arq`) VALUES
(32, 'Logo_cafe_pocos.png', 'imagem', '2018-01-12 13:15:25', 1),
(34, 'fundo2.jpg', 'imagem', '2018-01-12 13:17:10', 1),
(35, 'fundo3.jpg', 'imagem', '2018-01-12 13:17:24', 1),
(36, 'adubo.jpg', 'imagem', '2018-01-12 13:40:12', 1),
(37, 'defensivo.png', 'imagem', '2018-01-12 13:40:47', 1),
(38, 'ferramentas.jpg', 'imagem', '2018-01-12 13:41:03', 1),
(42, '2.jpg', 'imagem', '2018-01-12 15:44:14', 1),
(45, 'Video1.mp4', 'video', '2018-01-13 11:09:34', 1),
(54, 'Logotipo.JPG', 'imagem', '2018-01-15 13:39:46', 1),
(55, 'coffeeshop1.jpg', 'imagem', '2018-01-15 13:39:48', 1),
(56, 'fundo1.jpeg', 'imagem', '2018-01-15 13:39:49', 1),
(57, '60.jpg', 'imagem', '2018-01-15 13:46:56', 1),
(59, 'Kalimba.mp3', 'audio', '2018-01-15 14:47:11', 1),
(61, 'descobrir_porta.txt', 'texto', '2018-01-15 16:56:49', 1),
(62, 'Teste_Orcamento_Por_PDF.pdf', 'texto', '2018-01-15 17:18:44', 1),
(63, 'Blend_Natural_cafepocoscafe.jpg', 'imagem', '2018-01-15 17:50:42', 1),
(64, 'LogotipoOrignal.JPG', 'imagem', '2018-01-17 13:10:44', 1),
(65, 'LogotipoOrignalSemCorte.JPG', 'imagem', '2018-01-19 16:45:00', 1);

-- --------------------------------------------------------

--
-- Estrutura da tabela `usuario`
--

CREATE TABLE `usuario` (
  `id_usuario` int(11) NOT NULL,
  `nome_usuario` varchar(200) DEFAULT NULL,
  `login_usuario` char(3) DEFAULT NULL,
  `senha_usuario` varchar(100) DEFAULT NULL,
  `bool_ativo_usuario` int(1) DEFAULT '1'
) ENGINE=InnoDB DEFAULT CHARSET=latin1;

--
-- Extraindo dados da tabela `usuario`
--

INSERT INTO `usuario` (`id_usuario`, `nome_usuario`, `login_usuario`, `senha_usuario`, `bool_ativo_usuario`) VALUES
(1, 'ADMINISTRADOR', 'ADM', '*23AE809DDACAF96AF0FD78ED04B6A265E05AA257', 1),
(3, 'Site', 'Sit', '*68922D0185D8333DA80D814C32E5A04C28CC06D0', 1);

-- --------------------------------------------------------

--
-- Estrutura da tabela `videos`
--

CREATE TABLE `videos` (
  `id_videos` int(11) NOT NULL,
  `descricao_videos` text NOT NULL,
  `link_videos` varchar(200) NOT NULL,
  `data_atualizacao_videos` datetime NOT NULL DEFAULT CURRENT_TIMESTAMP ON UPDATE CURRENT_TIMESTAMP,
  `bool_ativo_videos` int(1) NOT NULL DEFAULT '1'
) ENGINE=InnoDB DEFAULT CHARSET=latin1;

--
-- Extraindo dados da tabela `videos`
--

INSERT INTO `videos` (`id_videos`, `descricao_videos`, `link_videos`, `data_atualizacao_videos`, `bool_ativo_videos`) VALUES
(1, ' ', 'https://www.youtube.com/watch?v=wNBOw5TpJbw', '2018-01-12 13:29:38', 1),
(2, ' ', 'https://www.youtube.com/watch?v=KNyUXgiVHMg', '2018-01-12 13:29:55', 1);

--
-- Indexes for dumped tables
--

--
-- Indexes for table `adicional_site`
--
ALTER TABLE `adicional_site`
  ADD PRIMARY KEY (`id_adicional_site`),
  ADD KEY `fk_adicional_site<>usuario` (`usuario_id`),
  ADD KEY `fk_adiciona_site<>saiba_mais` (`saiba_mais_id`);

--
-- Indexes for table `cards`
--
ALTER TABLE `cards`
  ADD PRIMARY KEY (`id_cards`),
  ADD KEY `fk_cards<>configurar_site` (`configurar_site_id`);

--
-- Indexes for table `cliefornec`
--
ALTER TABLE `cliefornec`
  ADD PRIMARY KEY (`CODIGO`);

--
-- Indexes for table `cliefornec_telefone`
--
ALTER TABLE `cliefornec_telefone`
  ADD PRIMARY KEY (`Cliente`,`Sequencia`);

--
-- Indexes for table `configurar_site`
--
ALTER TABLE `configurar_site`
  ADD PRIMARY KEY (`id_configurar_site`);

--
-- Indexes for table `contato`
--
ALTER TABLE `contato`
  ADD PRIMARY KEY (`id_contato`),
  ADD KEY `fk_contato<>usuario` (`usuario_id`);

--
-- Indexes for table `destaque_grupo`
--
ALTER TABLE `destaque_grupo`
  ADD PRIMARY KEY (`id_destaque_grupo`),
  ADD KEY `fk_desatque_itens<>configurar_site` (`configurar_site_id`),
  ADD KEY `fk_desatque_itens<>grupo` (`grupo_id`);

--
-- Indexes for table `empresa`
--
ALTER TABLE `empresa`
  ADD PRIMARY KEY (`id_empresa`),
  ADD KEY `fk_empresa<>usuario` (`usuario_id`);

--
-- Indexes for table `endereco_site`
--
ALTER TABLE `endereco_site`
  ADD PRIMARY KEY (`id_endereco_site`),
  ADD KEY `fk_edereco_site<>configurar_site` (`configurar_site_id`);

--
-- Indexes for table `estado`
--
ALTER TABLE `estado`
  ADD PRIMARY KEY (`id_estado`);

--
-- Indexes for table `grupo`
--
ALTER TABLE `grupo`
  ADD PRIMARY KEY (`id_grupo`),
  ADD KEY `fk_grupo<>usuario` (`usuario_id`);

--
-- Indexes for table `item`
--
ALTER TABLE `item`
  ADD PRIMARY KEY (`id_item`),
  ADD KEY `fk_item<>usuario` (`usuario_id`),
  ADD KEY `fk_item<>grupo` (`grupo_id`);

--
-- Indexes for table `loja`
--
ALTER TABLE `loja`
  ADD PRIMARY KEY (`id_loja`),
  ADD KEY `fk_loja<>configurar_site` (`configurar_site_id`);

--
-- Indexes for table `posicao_cafe`
--
ALTER TABLE `posicao_cafe`
  ADD PRIMARY KEY (`id_posicao_cafe`),
  ADD KEY `fk_posicao_cafe<>cliefornec` (`cliente`);

--
-- Indexes for table `quem_somos`
--
ALTER TABLE `quem_somos`
  ADD PRIMARY KEY (`id_quem_somos`);

--
-- Indexes for table `relatorios`
--
ALTER TABLE `relatorios`
  ADD PRIMARY KEY (`id_relatorios`);

--
-- Indexes for table `relatorio_tabela`
--
ALTER TABLE `relatorio_tabela`
  ADD PRIMARY KEY (`id_relatorio_tabela`);

--
-- Indexes for table `saiba_mais`
--
ALTER TABLE `saiba_mais`
  ADD PRIMARY KEY (`id_saiba_mais`),
  ADD KEY `fk_saiba_mais<>usuario` (`usuario_id`);

--
-- Indexes for table `site`
--
ALTER TABLE `site`
  ADD PRIMARY KEY (`ID_SITE`);

--
-- Indexes for table `slide_show`
--
ALTER TABLE `slide_show`
  ADD PRIMARY KEY (`id_slide_show`),
  ADD KEY `fk_slide_show<>configurar_site` (`configurar_site_id`);

--
-- Indexes for table `teste`
--
ALTER TABLE `teste`
  ADD PRIMARY KEY (`id_teste`),
  ADD KEY `fk_teste<>usuario` (`usuario_id`);

--
-- Indexes for table `teste_grade`
--
ALTER TABLE `teste_grade`
  ADD PRIMARY KEY (`id_teste_grade`),
  ADD KEY `fk_teste_grade<>usuario` (`usuario_id`),
  ADD KEY `fk_teste_grade<>teste` (`teste_id`);

--
-- Indexes for table `topicos_loja`
--
ALTER TABLE `topicos_loja`
  ADD PRIMARY KEY (`id_topicos_loja`),
  ADD KEY `fk_topicos_loja<>loja` (`loja_id`);

--
-- Indexes for table `upload_arq`
--
ALTER TABLE `upload_arq`
  ADD PRIMARY KEY (`id_upload_arq`);

--
-- Indexes for table `usuario`
--
ALTER TABLE `usuario`
  ADD PRIMARY KEY (`id_usuario`);

--
-- Indexes for table `videos`
--
ALTER TABLE `videos`
  ADD PRIMARY KEY (`id_videos`);

--
-- AUTO_INCREMENT for dumped tables
--

--
-- AUTO_INCREMENT for table `adicional_site`
--
ALTER TABLE `adicional_site`
  MODIFY `id_adicional_site` int(11) NOT NULL AUTO_INCREMENT, AUTO_INCREMENT=4;
--
-- AUTO_INCREMENT for table `cards`
--
ALTER TABLE `cards`
  MODIFY `id_cards` int(11) NOT NULL AUTO_INCREMENT, AUTO_INCREMENT=4;
--
-- AUTO_INCREMENT for table `cliefornec`
--
ALTER TABLE `cliefornec`
  MODIFY `CODIGO` int(11) NOT NULL AUTO_INCREMENT, AUTO_INCREMENT=94478;
--
-- AUTO_INCREMENT for table `configurar_site`
--
ALTER TABLE `configurar_site`
  MODIFY `id_configurar_site` int(11) NOT NULL AUTO_INCREMENT, AUTO_INCREMENT=2;
--
-- AUTO_INCREMENT for table `contato`
--
ALTER TABLE `contato`
  MODIFY `id_contato` int(11) NOT NULL AUTO_INCREMENT, AUTO_INCREMENT=2;
--
-- AUTO_INCREMENT for table `destaque_grupo`
--
ALTER TABLE `destaque_grupo`
  MODIFY `id_destaque_grupo` int(11) NOT NULL AUTO_INCREMENT, AUTO_INCREMENT=5;
--
-- AUTO_INCREMENT for table `empresa`
--
ALTER TABLE `empresa`
  MODIFY `id_empresa` int(11) NOT NULL AUTO_INCREMENT, AUTO_INCREMENT=2;
--
-- AUTO_INCREMENT for table `endereco_site`
--
ALTER TABLE `endereco_site`
  MODIFY `id_endereco_site` int(11) NOT NULL AUTO_INCREMENT, AUTO_INCREMENT=2;
--
-- AUTO_INCREMENT for table `estado`
--
ALTER TABLE `estado`
  MODIFY `id_estado` int(11) NOT NULL AUTO_INCREMENT, AUTO_INCREMENT=28;
--
-- AUTO_INCREMENT for table `grupo`
--
ALTER TABLE `grupo`
  MODIFY `id_grupo` int(11) NOT NULL AUTO_INCREMENT, AUTO_INCREMENT=13;
--
-- AUTO_INCREMENT for table `item`
--
ALTER TABLE `item`
  MODIFY `id_item` int(11) NOT NULL AUTO_INCREMENT, AUTO_INCREMENT=10;
--
-- AUTO_INCREMENT for table `loja`
--
ALTER TABLE `loja`
  MODIFY `id_loja` int(11) NOT NULL AUTO_INCREMENT, AUTO_INCREMENT=2;
--
-- AUTO_INCREMENT for table `posicao_cafe`
--
ALTER TABLE `posicao_cafe`
  MODIFY `id_posicao_cafe` int(11) NOT NULL AUTO_INCREMENT, AUTO_INCREMENT=11;
--
-- AUTO_INCREMENT for table `quem_somos`
--
ALTER TABLE `quem_somos`
  MODIFY `id_quem_somos` int(11) NOT NULL AUTO_INCREMENT, AUTO_INCREMENT=2;
--
-- AUTO_INCREMENT for table `relatorios`
--
ALTER TABLE `relatorios`
  MODIFY `id_relatorios` int(11) NOT NULL AUTO_INCREMENT, AUTO_INCREMENT=20;
--
-- AUTO_INCREMENT for table `relatorio_tabela`
--
ALTER TABLE `relatorio_tabela`
  MODIFY `id_relatorio_tabela` int(11) NOT NULL AUTO_INCREMENT, AUTO_INCREMENT=5;
--
-- AUTO_INCREMENT for table `saiba_mais`
--
ALTER TABLE `saiba_mais`
  MODIFY `id_saiba_mais` int(11) NOT NULL AUTO_INCREMENT, AUTO_INCREMENT=2;
--
-- AUTO_INCREMENT for table `site`
--
ALTER TABLE `site`
  MODIFY `ID_SITE` int(11) NOT NULL AUTO_INCREMENT, AUTO_INCREMENT=2;
--
-- AUTO_INCREMENT for table `slide_show`
--
ALTER TABLE `slide_show`
  MODIFY `id_slide_show` int(11) NOT NULL AUTO_INCREMENT, AUTO_INCREMENT=5;
--
-- AUTO_INCREMENT for table `teste`
--
ALTER TABLE `teste`
  MODIFY `id_teste` int(11) NOT NULL AUTO_INCREMENT, AUTO_INCREMENT=5;
--
-- AUTO_INCREMENT for table `teste_grade`
--
ALTER TABLE `teste_grade`
  MODIFY `id_teste_grade` int(11) NOT NULL AUTO_INCREMENT, AUTO_INCREMENT=4;
--
-- AUTO_INCREMENT for table `topicos_loja`
--
ALTER TABLE `topicos_loja`
  MODIFY `id_topicos_loja` int(11) NOT NULL AUTO_INCREMENT, AUTO_INCREMENT=5;
--
-- AUTO_INCREMENT for table `upload_arq`
--
ALTER TABLE `upload_arq`
  MODIFY `id_upload_arq` int(11) NOT NULL AUTO_INCREMENT, AUTO_INCREMENT=67;
--
-- AUTO_INCREMENT for table `usuario`
--
ALTER TABLE `usuario`
  MODIFY `id_usuario` int(11) NOT NULL AUTO_INCREMENT, AUTO_INCREMENT=4;
--
-- AUTO_INCREMENT for table `videos`
--
ALTER TABLE `videos`
  MODIFY `id_videos` int(11) NOT NULL AUTO_INCREMENT, AUTO_INCREMENT=3;
--
-- Constraints for dumped tables
--

--
-- Limitadores para a tabela `adicional_site`
--
ALTER TABLE `adicional_site`
  ADD CONSTRAINT `fk_adiciona_site<>saiba_mais` FOREIGN KEY (`saiba_mais_id`) REFERENCES `saiba_mais` (`id_saiba_mais`),
  ADD CONSTRAINT `fk_adicional_site<>usuario` FOREIGN KEY (`usuario_id`) REFERENCES `usuario` (`id_usuario`);

--
-- Limitadores para a tabela `cards`
--
ALTER TABLE `cards`
  ADD CONSTRAINT `fk_cards<>configurar_site` FOREIGN KEY (`configurar_site_id`) REFERENCES `configurar_site` (`id_configurar_site`);

--
-- Limitadores para a tabela `contato`
--
ALTER TABLE `contato`
  ADD CONSTRAINT `fk_contato<>usuario` FOREIGN KEY (`usuario_id`) REFERENCES `usuario` (`id_usuario`);

--
-- Limitadores para a tabela `destaque_grupo`
--
ALTER TABLE `destaque_grupo`
  ADD CONSTRAINT `fk_desatque_itens<>configurar_site` FOREIGN KEY (`configurar_site_id`) REFERENCES `configurar_site` (`id_configurar_site`),
  ADD CONSTRAINT `fk_desatque_itens<>grupo` FOREIGN KEY (`grupo_id`) REFERENCES `grupo` (`id_grupo`);

--
-- Limitadores para a tabela `empresa`
--
ALTER TABLE `empresa`
  ADD CONSTRAINT `fk_empresa<>usuario` FOREIGN KEY (`usuario_id`) REFERENCES `usuario` (`id_usuario`);

--
-- Limitadores para a tabela `endereco_site`
--
ALTER TABLE `endereco_site`
  ADD CONSTRAINT `fk_edereco_site<>configurar_site` FOREIGN KEY (`configurar_site_id`) REFERENCES `configurar_site` (`id_configurar_site`);

--
-- Limitadores para a tabela `grupo`
--
ALTER TABLE `grupo`
  ADD CONSTRAINT `fk_grupo<>usuario` FOREIGN KEY (`usuario_id`) REFERENCES `usuario` (`id_usuario`);

--
-- Limitadores para a tabela `item`
--
ALTER TABLE `item`
  ADD CONSTRAINT `fk_item<>grupo` FOREIGN KEY (`grupo_id`) REFERENCES `grupo` (`id_grupo`),
  ADD CONSTRAINT `fk_item<>usuario` FOREIGN KEY (`usuario_id`) REFERENCES `usuario` (`id_usuario`);

--
-- Limitadores para a tabela `loja`
--
ALTER TABLE `loja`
  ADD CONSTRAINT `fk_loja<>configurar_site` FOREIGN KEY (`configurar_site_id`) REFERENCES `configurar_site` (`id_configurar_site`);

--
-- Limitadores para a tabela `posicao_cafe`
--
ALTER TABLE `posicao_cafe`
  ADD CONSTRAINT `fk_posicao_cafe<>cliefornec` FOREIGN KEY (`cliente`) REFERENCES `cliefornec` (`CODIGO`);

--
-- Limitadores para a tabela `saiba_mais`
--
ALTER TABLE `saiba_mais`
  ADD CONSTRAINT `fk_saiba_mais<>usuario` FOREIGN KEY (`usuario_id`) REFERENCES `usuario` (`id_usuario`);

--
-- Limitadores para a tabela `slide_show`
--
ALTER TABLE `slide_show`
  ADD CONSTRAINT `fk_slide_show<>configurar_site` FOREIGN KEY (`configurar_site_id`) REFERENCES `configurar_site` (`id_configurar_site`);

--
-- Limitadores para a tabela `teste`
--
ALTER TABLE `teste`
  ADD CONSTRAINT `fk_teste<>usuario` FOREIGN KEY (`usuario_id`) REFERENCES `usuario` (`id_usuario`);

--
-- Limitadores para a tabela `teste_grade`
--
ALTER TABLE `teste_grade`
  ADD CONSTRAINT `fk_teste_grade<>teste` FOREIGN KEY (`teste_id`) REFERENCES `teste` (`id_teste`),
  ADD CONSTRAINT `fk_teste_grade<>usuario` FOREIGN KEY (`usuario_id`) REFERENCES `usuario` (`id_usuario`);

--
-- Limitadores para a tabela `topicos_loja`
--
ALTER TABLE `topicos_loja`
  ADD CONSTRAINT `fk_topicos_loja<>loja` FOREIGN KEY (`loja_id`) REFERENCES `loja` (`id_loja`);

/*!40101 SET CHARACTER_SET_CLIENT=@OLD_CHARACTER_SET_CLIENT */;
/*!40101 SET CHARACTER_SET_RESULTS=@OLD_CHARACTER_SET_RESULTS */;
/*!40101 SET COLLATION_CONNECTION=@OLD_COLLATION_CONNECTION */;
